ID,RSU Code,SDU Billing Rates,Circle,Decom Date,ID (Rsu Items),Item (Rsu Items),Plan FAT (Rsu Items),Plan Fibre length (Rsu Items),Plan HP (Rsu Items)
,04O-0,M&G 1 Year Fix,M&G,,,SER-FSDU-CFT-6F,142,0,2094
,,,,,,SER-FSDU-CFT-12F,142,13501,2094
,,,,,,SER-FSDU-CFT-24F,142,0,2094
,,,,,,SER-FSDU-CFT-48F,142,0,2094
,0B7-0,KOL 1 Year Fix,KOL,,,SER-FSDU-CFT-6F,218,6874,3448
,,,,,,SER-FSDU-CFT-12F,218,4496,3448
,,,,,,SER-FSDU-CFT-24F,218,767,3448
,,,,,,SER-FSDU-CFT-48F,218,0,3448
,0BT-0,KTK 1 Year Fix,KTK,,,SER-FSDU-CFT-6F,7,784,56
,,,,,,SER-FSDU-CFT-12F,7,336,56
,,,,,,SER-FSDU-CFT-24F,7,0,56
,,,,,,SER-FSDU-CFT-48F,7,367,56
,0CN-0,KTK 1 Year Fix,KTK,,,SER-FSDU-CFT-6F,302,6208,2520
,,,,,,SER-FSDU-CFT-12F,302,3200,2520
,,,,,,SER-FSDU-CFT-24F,302,5746,2520
,,,,,,SER-FSDU-CFT-48F,302,0,2520
,0CX-0,KTK 1 Year Fix,KTK,,,SER-FSDU-CFT-6F,136,1689,1168
,,,,,,SER-FSDU-CFT-12F,136,884,1168
,,,,,,SER-FSDU-CFT-24F,136,845,1168
,,,,,,SER-FSDU-CFT-48F,136,1424,1168
,0D3-0,DEL 1 Year Fix,DEL,,,SER-FSDU-CFT-6F,134,2702,2144
,,,,,,SER-FSDU-CFT-12F,134,2492,2144
,,,,,,SER-FSDU-CFT-24F,134,552,2144
,,,,,,SER-FSDU-CFT-48F,134,785,2144
,0DU-0,TAM 1 Year Fix,TAM,,,SER-FSDU-CFT-6F,252,9996,1104
,,,,,,SER-FSDU-CFT-12F,252,2380,1104
,,,,,,SER-FSDU-CFT-24F,252,3636,1104
,,,,,,SER-FSDU-CFT-48F,252,0,1104
,0FS-0,DEL 1 Year Fix,DEL,,,SER-FSDU-CFT-6F,122,5265,1952
,,,,,,SER-FSDU-CFT-12F,122,1499,1952
,,,,,,SER-FSDU-CFT-24F,122,1940,1952
,,,,,,SER-FSDU-CFT-48F,122,501,1952
,0ID-0,TAM 1 Year Fix,TAM,,,SER-FSDU-CFT-6F,96,2055,290
,,,,,,SER-FSDU-CFT-12F,96,751,290
,,,,,,SER-FSDU-CFT-24F,96,1734,290
,,,,,,SER-FSDU-CFT-48F,96,0,290
,0JD-0,TAM 1 Year Fix,TAM,,,SER-FSDU-CFT-6F,80,1991,208
,,,,,,SER-FSDU-CFT-12F,80,628,208
,,,,,,SER-FSDU-CFT-24F,80,1333,208
,,,,,,SER-FSDU-CFT-48F,80,0,208
,0MB-0,KTK 1 Year Fix,KTK,,,SER-FSDU-CFT-6F,29,206,344
,,,,,,SER-FSDU-CFT-12F,29,608,344
,,,,,,SER-FSDU-CFT-24F,29,679,344
,,,,,,SER-FSDU-CFT-48F,29,0,344
,0QL-0,TAM 1 Year Fix,TAM,,,SER-FSDU-CFT-6F,136,3215,920
,,,,,,SER-FSDU-CFT-12F,136,1392,920
,,,,,,SER-FSDU-CFT-24F,136,4162,920
,,,,,,SER-FSDU-CFT-48F,136,0,920
,0QR-0,TAM 1 Year Fix,TAM,,,SER-FSDU-CFT-6F,197,4527,1232
,,,,,,SER-FSDU-CFT-12F,197,1320,1232
,,,,,,SER-FSDU-CFT-24F,197,3817,1232
,,,,,,SER-FSDU-CFT-48F,197,0,1232
,0SK-0,KTK 1 Year Fix,KTK,,,SER-FSDU-CFT-6F,35,839,280
,,,,,,SER-FSDU-CFT-12F,35,273,280
,,,,,,SER-FSDU-CFT-24F,35,856,280
,,,,,,SER-FSDU-CFT-48F,35,0,280
,0SQ-0,KTK 1 Year Fix,KTK,,,SER-FSDU-CFT-6F,332,2937,2856
,,,,,,SER-FSDU-CFT-12F,332,1730,2856
,,,,,,SER-FSDU-CFT-24F,332,631,2856
,,,,,,SER-FSDU-CFT-48F,332,0,2856
,0TI-0,KTK 1 Year Fix,KTK,,,SER-FSDU-CFT-6F,60,2138,584
,,,,,,SER-FSDU-CFT-12F,60,1950,584
,,,,,,SER-FSDU-CFT-24F,60,114,584
,,,,,,SER-FSDU-CFT-48F,60,0,584
,0UL-0,TAM 1 Year Fix,TAM,,,SER-FSDU-CFT-6F,164,2434,1184
,,,,,,SER-FSDU-CFT-12F,164,446,1184
,,,,,,SER-FSDU-CFT-24F,164,2454,1184
,,,,,,SER-FSDU-CFT-48F,164,0,1184
,0YN-0,KTK 1 Year Fix,KTK,,,SER-FSDU-CFT-6F,189,2411,1512
,,,,,,SER-FSDU-CFT-12F,189,2071,1512
,,,,,,SER-FSDU-CFT-24F,189,2317,1512
,,,,,,SER-FSDU-CFT-48F,189,0,1512
,17V-0,UPW 1 Year Fix,UPW,,,SER-FSDU-CFT-6F,167,7615,2800
,,,,,,SER-FSDU-CFT-12F,167,2812,2800
,,,,,,SER-FSDU-CFT-24F,167,1224,2800
,,,,,,SER-FSDU-CFT-48F,167,3854,2800
,1JL-0,KOL 1 Year Fix,KOL,,,SER-FSDU-CFT-6F,29,3079,464
,,,,,,SER-FSDU-CFT-12F,29,1098,464
,,,,,,SER-FSDU-CFT-24F,29,688,464
,,,,,,SER-FSDU-CFT-48F,29,0,464
,1WQ-0,TAM 1 Year Fix,TAM,,,SER-FSDU-CFT-6F,132,5141,896
,,,,,,SER-FSDU-CFT-12F,132,2016,896
,,,,,,SER-FSDU-CFT-24F,132,3362,896
,,,,,,SER-FSDU-CFT-48F,132,0,896
,1XR-0,TAM 1 Year Fix,TAM,,,SER-FSDU-CFT-6F,96,1819,440
,,,,,,SER-FSDU-CFT-12F,96,490,440
,,,,,,SER-FSDU-CFT-24F,96,1300,440
,,,,,,SER-FSDU-CFT-48F,96,0,440
,1ZR-0,UPW 1 Year Fix,UPW,,,SER-FSDU-CFT-6F,247,5507,3952
,,,,,,SER-FSDU-CFT-12F,247,2587,3952
,,,,,,SER-FSDU-CFT-24F,247,1352,3952
,,,,,,SER-FSDU-CFT-48F,247,3927,3952
,20I-0,DEL 1 Year Fix,DEL,,,SER-FSDU-CFT-6F,59,1282,472
,,,,,,SER-FSDU-CFT-12F,59,944,472
,,,,,,SER-FSDU-CFT-24F,59,1149,472
,,,,,,SER-FSDU-CFT-48F,59,0,472
,25Z-0,DEL 1 Year Fix,DEL,,,SER-FSDU-CFT-6F,193,6126,1544
,,,,,,SER-FSDU-CFT-12F,193,2703,1544
,,,,,,SER-FSDU-CFT-24F,193,2346,1544
,,,,,,SER-FSDU-CFT-48F,193,0,1544
,27C-0,DEL 1 Year Fix,DEL,,,SER-FSDU-CFT-6F,256,8164,2048
,,,,,,SER-FSDU-CFT-12F,256,5546,2048
,,,,,,SER-FSDU-CFT-24F,256,2734,2048
,,,,,,SER-FSDU-CFT-48F,256,0,2048
,29B-0,DEL 1 Year Fix,DEL,,,SER-FSDU-CFT-6F,102,3292,1632
,,,,,,SER-FSDU-CFT-12F,102,3688,1632
,,,,,,SER-FSDU-CFT-24F,102,950,1632
,,,,,,SER-FSDU-CFT-48F,102,613,1632
,29C-0,DEL 1 Year Fix,DEL,,,SER-FSDU-CFT-6F,269,0,2480
,,,,,,SER-FSDU-CFT-12F,269,2414,2480
,,,,,,SER-FSDU-CFT-24F,269,4178,2480
,,,,,,SER-FSDU-CFT-48F,269,110,2480
,2DL-0,DEL 1 Year Fix,DEL,,,SER-FSDU-CFT-6F,72,1542,736
,,,,,,SER-FSDU-CFT-12F,72,1016,736
,,,,,,SER-FSDU-CFT-24F,72,70,736
,,,,,,SER-FSDU-CFT-48F,72,382,736
,2F2-0,DEL 1 Year Fix,DEL,,,SER-FSDU-CFT-6F,218,10748,3488
,,,,,,SER-FSDU-CFT-12F,218,3834,3488
,,,,,,SER-FSDU-CFT-24F,218,2776,3488
,,,,,,SER-FSDU-CFT-48F,218,567,3488
,2F9-0,DEL 1 Year Fix,DEL,,,SER-FSDU-CFT-6F,147,5434,1176
,,,,,,SER-FSDU-CFT-12F,147,3715,1176
,,,,,,SER-FSDU-CFT-24F,147,1676,1176
,,,,,,SER-FSDU-CFT-48F,147,408,1176
,2K2-0,DEL 1 Year Fix,DEL,,,SER-FSDU-CFT-6F,0,0,0
,,,,,,SER-FSDU-CFT-12F,0,0,0
,,,,,,SER-FSDU-CFT-24F,0,0,0
,,,,,,SER-FSDU-CFT-48F,0,390,0
,2MQ-0,DEL 1 Year Fix,DEL,,,SER-FSDU-CFT-6F,219,1898,1752
,,,,,,SER-FSDU-CFT-12F,219,2881,1752
,,,,,,SER-FSDU-CFT-24F,219,1376,1752
,,,,,,SER-FSDU-CFT-48F,219,640,1752
,2N1-0,DEL 1 Year Fix,DEL,,,SER-FSDU-CFT-6F,202,1592,1616
,,,,,,SER-FSDU-CFT-12F,202,3195,1616
,,,,,,SER-FSDU-CFT-24F,202,4032,1616
,,,,,,SER-FSDU-CFT-48F,202,2846,1616
,2N3-0,DEL 1 Year Fix,DEL,,,SER-FSDU-CFT-6F,94,1873,896
,,,,,,SER-FSDU-CFT-12F,94,1716,896
,,,,,,SER-FSDU-CFT-24F,94,1375,896
,,,,,,SER-FSDU-CFT-48F,94,1015,896
,2OL-0,KTK 1 Year Fix,KTK,,,SER-FSDU-CFT-6F,184,4578,2336
,,,,,,SER-FSDU-CFT-12F,184,3122,2336
,,,,,,SER-FSDU-CFT-24F,184,2640,2336
,,,,,,SER-FSDU-CFT-48F,184,0,2336
,2PG-0,KTK 1 Year Fix,KTK,,,SER-FSDU-CFT-6F,317,6071,2920
,,,,,,SER-FSDU-CFT-12F,317,2064,2920
,,,,,,SER-FSDU-CFT-24F,317,2861,2920
,,,,,,SER-FSDU-CFT-48F,317,0,2920
,2RK-0,DEL 1 Year Fix,DEL,,,SER-FSDU-CFT-6F,0,0,0
,,,,,,SER-FSDU-CFT-12F,0,0,0
,,,,,,SER-FSDU-CFT-24F,0,0,0
,,,,,,SER-FSDU-CFT-48F,0,845,0
,2UM-0,KTK 1 Year Fix,KTK,,,SER-FSDU-CFT-6F,254,4117,2192
,,,,,,SER-FSDU-CFT-12F,254,1486,2192
,,,,,,SER-FSDU-CFT-24F,254,2701,2192
,,,,,,SER-FSDU-CFT-48F,254,0,2192
,2VE-0,KTK 1 Year Fix,KTK,,,SER-FSDU-CFT-6F,199,3147,1656
,,,,,,SER-FSDU-CFT-12F,199,1567,1656
,,,,,,SER-FSDU-CFT-24F,199,1124,1656
,,,,,,SER-FSDU-CFT-48F,199,0,1656
,2XP-0,DEL 1 Year Fix,DEL,,,SER-FSDU-CFT-6F,105,1741,1672
,,,,,,SER-FSDU-CFT-12F,105,1649,1672
,,,,,,SER-FSDU-CFT-24F,105,1096,1672
,,,,,,SER-FSDU-CFT-48F,105,200,1672
,31D-0,DEL 1 Year Fix,DEL,,,SER-FSDU-CFT-6F,66,1142,528
,,,,,,SER-FSDU-CFT-12F,66,1192,528
,,,,,,SER-FSDU-CFT-24F,66,1706,528
,,,,,,SER-FSDU-CFT-48F,66,0,528
,31V-0,DEL 1 Year Fix,DEL,,,SER-FSDU-CFT-6F,68,1463,824
,,,,,,SER-FSDU-CFT-12F,68,833,824
,,,,,,SER-FSDU-CFT-24F,68,237,824
,,,,,,SER-FSDU-CFT-48F,68,408,824
,32D-0,DEL 1 Year Fix,DEL,,,SER-FSDU-CFT-6F,110,5514,1000
,,,,,,SER-FSDU-CFT-12F,110,2735,1000
,,,,,,SER-FSDU-CFT-24F,110,1775,1000
,,,,,,SER-FSDU-CFT-48F,110,0,1000
,32E-0,DEL 1 Year Fix,DEL,,,SER-FSDU-CFT-6F,295,5584,2360
,,,,,,SER-FSDU-CFT-12F,295,4401,2360
,,,,,,SER-FSDU-CFT-24F,295,6594,2360
,,,,,,SER-FSDU-CFT-48F,295,7430,2360
,32W-0,DEL 1 Year Fix,DEL,,,SER-FSDU-CFT-6F,112,2364,896
,,,,,,SER-FSDU-CFT-12F,112,2570,896
,,,,,,SER-FSDU-CFT-24F,112,1165,896
,,,,,,SER-FSDU-CFT-48F,112,2454,896
,33T-0,DEL 1 Year Fix,DEL,,,SER-FSDU-CFT-6F,110,2381,880
,,,,,,SER-FSDU-CFT-12F,110,3154,880
,,,,,,SER-FSDU-CFT-24F,110,2425,880
,,,,,,SER-FSDU-CFT-48F,110,0,880
,33T-1,DEL 1 Year Fix,DEL,,,SER-FSDU-CFT-6F,10,178,80
,,,,,,SER-FSDU-CFT-12F,10,243,80
,,,,,,SER-FSDU-CFT-24F,10,0,80
,,,,,,SER-FSDU-CFT-48F,10,0,80
,37A-0,DEL 1 Year Fix,DEL,,,SER-FSDU-CFT-6F,100,1836,800
,,,,,,SER-FSDU-CFT-12F,100,1606,800
,,,,,,SER-FSDU-CFT-24F,100,3278,800
,,,,,,SER-FSDU-CFT-48F,100,0,800
,3BB-0,DEL 1 Year Fix,DEL,,,SER-FSDU-CFT-6F,44,1384,704
,,,,,,SER-FSDU-CFT-12F,44,950,704
,,,,,,SER-FSDU-CFT-24F,44,1680,704
,,,,,,SER-FSDU-CFT-48F,44,0,704
,3BZ-0,DEL 1 Year Fix,DEL,,,SER-FSDU-CFT-6F,109,5993,872
,,,,,,SER-FSDU-CFT-12F,109,3208,872
,,,,,,SER-FSDU-CFT-24F,109,2337,872
,,,,,,SER-FSDU-CFT-48F,109,354,872
,3G4-0,DEL 1 Year Fix,DEL,,,SER-FSDU-CFT-6F,64,3811,1024
,,,,,,SER-FSDU-CFT-12F,64,1144,1024
,,,,,,SER-FSDU-CFT-24F,64,1000,1024
,,,,,,SER-FSDU-CFT-48F,64,0,1024
,3I5-0,DEL 1 Year Fix,DEL,,,SER-FSDU-CFT-6F,205,3547,1640
,,,,,,SER-FSDU-CFT-12F,205,3940,1640
,,,,,,SER-FSDU-CFT-24F,205,3335,1640
,,,,,,SER-FSDU-CFT-48F,205,416,1640
,3KG-0,DEL 1 Year Fix,DEL,,,SER-FSDU-CFT-6F,354,6912,2832
,,,,,,SER-FSDU-CFT-12F,354,8124,2832
,,,,,,SER-FSDU-CFT-24F,354,5012,2832
,,,,,,SER-FSDU-CFT-48F,354,1177,2832
,3LM-0,DEL 1 Year Fix,DEL,,,SER-FSDU-CFT-6F,204,3452,1632
,,,,,,SER-FSDU-CFT-12F,204,4231,1632
,,,,,,SER-FSDU-CFT-24F,204,2422,1632
,,,,,,SER-FSDU-CFT-48F,204,866,1632
,3LV-0,DEL 1 Year Fix,DEL,,,SER-FSDU-CFT-6F,214,9504,3424
,,,,,,SER-FSDU-CFT-12F,214,2690,3424
,,,,,,SER-FSDU-CFT-24F,214,4418,3424
,,,,,,SER-FSDU-CFT-48F,214,98,3424
,3MH-0,DEL 1 Year Fix,DEL,,,SER-FSDU-CFT-6F,68,500,544
,,,,,,SER-FSDU-CFT-12F,68,1336,544
,,,,,,SER-FSDU-CFT-24F,68,588,544
,,,,,,SER-FSDU-CFT-48F,68,376,544
,3MS-0,DEL 1 Year Fix,DEL,,,SER-FSDU-CFT-6F,84,1509,704
,,,,,,SER-FSDU-CFT-12F,84,1435,704
,,,,,,SER-FSDU-CFT-24F,84,1248,704
,,,,,,SER-FSDU-CFT-48F,84,0,704
,3N9-0,DEL 1 Year Fix,DEL,,,SER-FSDU-CFT-6F,39,1609,312
,,,,,,SER-FSDU-CFT-12F,39,1154,312
,,,,,,SER-FSDU-CFT-24F,39,527,312
,,,,,,SER-FSDU-CFT-48F,39,0,312
,3NK-0,DEL 1 Year Fix,DEL,,,SER-FSDU-CFT-6F,245,7377,2400
,,,,,,SER-FSDU-CFT-12F,245,2672,2400
,,,,,,SER-FSDU-CFT-24F,245,1792,2400
,,,,,,SER-FSDU-CFT-48F,245,3099,2400
,3NX-0,DEL 1 Year Fix,DEL,,,SER-FSDU-CFT-6F,190,5743,2000
,,,,,,SER-FSDU-CFT-12F,190,1648,2000
,,,,,,SER-FSDU-CFT-24F,190,1687,2000
,,,,,,SER-FSDU-CFT-48F,190,2369,2000
,3NY-0,DEL 1 Year Fix,DEL,,,SER-FSDU-CFT-6F,95,1092,1392
,,,,,,SER-FSDU-CFT-12F,95,832,1392
,,,,,,SER-FSDU-CFT-24F,95,473,1392
,,,,,,SER-FSDU-CFT-48F,95,1608,1392
,3PP-0,DEL 1 Year Fix,DEL,,,SER-FSDU-CFT-6F,206,6701,1864
,,,,,,SER-FSDU-CFT-12F,206,2400,1864
,,,,,,SER-FSDU-CFT-24F,206,1500,1864
,,,,,,SER-FSDU-CFT-48F,206,340,1864
,3RB-0,DEL 1 Year Fix,DEL,,,SER-FSDU-CFT-6F,58,651,504
,,,,,,SER-FSDU-CFT-12F,58,629,504
,,,,,,SER-FSDU-CFT-24F,58,709,504
,,,,,,SER-FSDU-CFT-48F,58,736,504
,3RY-0,DEL 1 Year Fix,DEL,,,SER-FSDU-CFT-6F,302,4447,2416
,,,,,,SER-FSDU-CFT-12F,302,3972,2416
,,,,,,SER-FSDU-CFT-24F,302,2840,2416
,,,,,,SER-FSDU-CFT-48F,302,1150,2416
,3VH-0,DEL 1 Year Fix,DEL,,,SER-FSDU-CFT-6F,240,2108,2000
,,,,,,SER-FSDU-CFT-12F,240,3694,2000
,,,,,,SER-FSDU-CFT-24F,240,4286,2000
,,,,,,SER-FSDU-CFT-48F,240,969,2000
,A3K-0,DEL 1 Year Fix,DEL,,,SER-FSDU-CFT-6F,283,5832,2320
,,,,,,SER-FSDU-CFT-12F,283,5708,2320
,,,,,,SER-FSDU-CFT-24F,283,3915,2320
,,,,,,SER-FSDU-CFT-48F,283,319,2320
,A3N-0,DEL 1 Year Fix,DEL,,,SER-FSDU-CFT-6F,102,1927,1632
,,,,,,SER-FSDU-CFT-12F,102,1283,1632
,,,,,,SER-FSDU-CFT-24F,102,868,1632
,,,,,,SER-FSDU-CFT-48F,102,153,1632
,A3S-0,DEL 1 Year Fix,DEL,,,SER-FSDU-CFT-6F,20,913,320
,,,,,,SER-FSDU-CFT-12F,20,235,320
,,,,,,SER-FSDU-CFT-24F,20,334,320
,,,,,,SER-FSDU-CFT-48F,20,0,320
,AAF-0,UPW 1 Year Fix,UPW,,,SER-FSDU-CFT-6F,224,3029,1792
,,,,,,SER-FSDU-CFT-12F,224,3493,1792
,,,,,,SER-FSDU-CFT-24F,224,5506,1792
,,,,,,SER-FSDU-CFT-48F,224,0,1792
,AAG-0,UPW 1 Year Fix,UPW,,,SER-FSDU-CFT-6F,135,909,1080
,,,,,,SER-FSDU-CFT-12F,135,4800,1080
,,,,,,SER-FSDU-CFT-24F,135,1130,1080
,,,,,,SER-FSDU-CFT-48F,135,859,1080
,AAH-0,UPW 1 Year Fix,UPW,,,SER-FSDU-CFT-6F,233,1340,1864
,,,,,,SER-FSDU-CFT-12F,233,5318,1864
,,,,,,SER-FSDU-CFT-24F,233,3110,1864
,,,,,,SER-FSDU-CFT-48F,233,0,1864
,AAM-0,UPW 1 Year Fix,UPW,,,SER-FSDU-CFT-6F,101,2319,1616
,,,,,,SER-FSDU-CFT-12F,101,5220,1616
,,,,,,SER-FSDU-CFT-24F,101,2617,1616
,,,,,,SER-FSDU-CFT-48F,101,0,1616
,ABG-0,UPW 1 Year Fix,UPW,,,SER-FSDU-CFT-6F,212,2591,1696
,,,,,,SER-FSDU-CFT-12F,212,4183,1696
,,,,,,SER-FSDU-CFT-24F,212,4172,1696
,,,,,,SER-FSDU-CFT-48F,212,0,1696
,ADG-0,UPW 1 Year Fix,UPW,,,SER-FSDU-CFT-6F,249,11889,3964
,,,,,,SER-FSDU-CFT-12F,249,4200,3964
,,,,,,SER-FSDU-CFT-24F,249,5185,3964
,,,,,,SER-FSDU-CFT-48F,249,0,3964
,ADJ-0,UPW 1 Year Fix,UPW,,,SER-FSDU-CFT-6F,108,1059,1728
,,,,,,SER-FSDU-CFT-12F,108,6488,1728
,,,,,,SER-FSDU-CFT-24F,108,3509,1728
,,,,,,SER-FSDU-CFT-48F,108,425,1728
,ADK-0,UPW 1 Year Fix,UPW,,,SER-FSDU-CFT-6F,76,1415,1216
,,,,,,SER-FSDU-CFT-12F,76,5121,1216
,,,,,,SER-FSDU-CFT-24F,76,1854,1216
,,,,,,SER-FSDU-CFT-48F,76,0,1216
,ADL-0,KTK 1 Year Fix,KTK,,,SER-FSDU-CFT-6F,344,5107,3298
,,,,,,SER-FSDU-CFT-12F,344,3036,3298
,,,,,,SER-FSDU-CFT-24F,344,1970,3298
,,,,,,SER-FSDU-CFT-48F,344,0,3298
,ADT-0,UPW 1 Year Fix,UPW,,,SER-FSDU-CFT-6F,180,3382,2880
,,,,,,SER-FSDU-CFT-12F,180,10354,2880
,,,,,,SER-FSDU-CFT-24F,180,2706,2880
,,,,,,SER-FSDU-CFT-48F,180,2204,2880
,ADV-0,UPW 1 Year Fix,UPW,,,SER-FSDU-CFT-6F,188,8799,3008
,,,,,,SER-FSDU-CFT-12F,188,6752,3008
,,,,,,SER-FSDU-CFT-24F,188,638,3008
,,,,,,SER-FSDU-CFT-48F,188,4782,3008
,AEI-0,UPW 1 Year Fix,UPW,,,SER-FSDU-CFT-6F,225,3483,1800
,,,,,,SER-FSDU-CFT-12F,225,4160,1800
,,,,,,SER-FSDU-CFT-24F,225,6936,1800
,,,,,,SER-FSDU-CFT-48F,225,0,1800
,AEM-0,KTK 1 Year Fix,KTK,,,SER-FSDU-CFT-6F,154,3900,2312
,,,,,,SER-FSDU-CFT-12F,154,1448,2312
,,,,,,SER-FSDU-CFT-24F,154,3644,2312
,,,,,,SER-FSDU-CFT-48F,154,0,2312
,AES-0,KTK 1 Year Fix,KTK,,,SER-FSDU-CFT-6F,59,1922,982
,,,,,,SER-FSDU-CFT-12F,59,973,982
,,,,,,SER-FSDU-CFT-24F,59,1028,982
,,,,,,SER-FSDU-CFT-48F,59,0,982
,AEU-0,UPW 1 Year Fix,UPW,,,SER-FSDU-CFT-6F,239,1655,1912
,,,,,,SER-FSDU-CFT-12F,239,1102,1912
,,,,,,SER-FSDU-CFT-24F,239,5932,1912
,,,,,,SER-FSDU-CFT-48F,239,0,1912
,AFC-0,UPW 1 Year Fix,UPW,,,SER-FSDU-CFT-6F,228,2863,1824
,,,,,,SER-FSDU-CFT-12F,228,3422,1824
,,,,,,SER-FSDU-CFT-24F,228,4296,1824
,,,,,,SER-FSDU-CFT-48F,228,0,1824
,AFD-0,UPW 1 Year Fix,UPW,,,SER-FSDU-CFT-6F,247,2684,1976
,,,,,,SER-FSDU-CFT-12F,247,5586,1976
,,,,,,SER-FSDU-CFT-24F,247,5578,1976
,,,,,,SER-FSDU-CFT-48F,247,0,1976
,AFE-0,UPW 1 Year Fix,UPW,,,SER-FSDU-CFT-6F,32,159,256
,,,,,,SER-FSDU-CFT-12F,32,3332,256
,,,,,,SER-FSDU-CFT-24F,32,521,256
,,,,,,SER-FSDU-CFT-48F,32,0,256
,AFF-0,UPW 1 Year Fix,UPW,,,SER-FSDU-CFT-6F,218,2257,1744
,,,,,,SER-FSDU-CFT-12F,218,2887,1744
,,,,,,SER-FSDU-CFT-24F,218,3610,1744
,,,,,,SER-FSDU-CFT-48F,218,0,1744
,AFG-0,UPW 1 Year Fix,UPW,,,SER-FSDU-CFT-6F,261,1870,2088
,,,,,,SER-FSDU-CFT-12F,261,5630,2088
,,,,,,SER-FSDU-CFT-24F,261,6491,2088
,,,,,,SER-FSDU-CFT-48F,261,249,2088
,AFK-0,UPW 1 Year Fix,UPW,,,SER-FSDU-CFT-6F,229,2025,1832
,,,,,,SER-FSDU-CFT-12F,229,7176,1832
,,,,,,SER-FSDU-CFT-24F,229,2872,1832
,,,,,,SER-FSDU-CFT-48F,229,0,1832
,AFL-0,UPW 1 Year Fix,UPW,,,SER-FSDU-CFT-6F,249,0,1992
,,,,,,SER-FSDU-CFT-12F,249,6780,1992
,,,,,,SER-FSDU-CFT-24F,249,7484,1992
,,,,,,SER-FSDU-CFT-48F,249,0,1992
,AFM-0,UPW 1 Year Fix,UPW,,,SER-FSDU-CFT-6F,360,3954,2880
,,,,,,SER-FSDU-CFT-12F,360,7028,2880
,,,,,,SER-FSDU-CFT-24F,360,4611,2880
,,,,,,SER-FSDU-CFT-48F,360,0,2880
,AFN-0,UPW 1 Year Fix,UPW,,,SER-FSDU-CFT-6F,260,3183,2080
,,,,,,SER-FSDU-CFT-12F,260,5330,2080
,,,,,,SER-FSDU-CFT-24F,260,4003,2080
,,,,,,SER-FSDU-CFT-48F,260,0,2080
,AGK-0,UPW 1 Year Fix,UPW,,,SER-FSDU-CFT-6F,293,993,2344
,,,,,,SER-FSDU-CFT-12F,293,4189,2344
,,,,,,SER-FSDU-CFT-24F,293,5819,2344
,,,,,,SER-FSDU-CFT-48F,293,0,2344
,AGZ-0,KTK 1 Year Fix,KTK,,,SER-FSDU-CFT-6F,342,5965,2816
,,,,,,SER-FSDU-CFT-12F,342,2772,2816
,,,,,,SER-FSDU-CFT-24F,342,2664,2816
,,,,,,SER-FSDU-CFT-48F,342,0,2816
,AHR-0,KTK 1 Year Fix,KTK,,,SER-FSDU-CFT-6F,305,3161,3012
,,,,,,SER-FSDU-CFT-12F,305,8650,3012
,,,,,,SER-FSDU-CFT-24F,305,3648,3012
,,,,,,SER-FSDU-CFT-48F,305,0,3012
,AIJ-0,KTK 1 Year Fix,KTK,,,SER-FSDU-CFT-6F,413,4487,3660
,,,,,,SER-FSDU-CFT-12F,413,1736,3660
,,,,,,SER-FSDU-CFT-24F,413,1607,3660
,,,,,,SER-FSDU-CFT-48F,413,0,3660
,AJL-0,KTK 1 Year Fix,KTK,,,SER-FSDU-CFT-6F,175,8673,1600
,,,,,,SER-FSDU-CFT-12F,175,4925,1600
,,,,,,SER-FSDU-CFT-24F,175,0,1600
,,,,,,SER-FSDU-CFT-48F,175,0,1600
,AJP-0,UPW 1 Year Fix,UPW,,,SER-FSDU-CFT-6F,150,1411,1200
,,,,,,SER-FSDU-CFT-12F,150,2519,1200
,,,,,,SER-FSDU-CFT-24F,150,2134,1200
,,,,,,SER-FSDU-CFT-48F,150,0,1200
,AJU-0,UPW 1 Year Fix,UPW,,,SER-FSDU-CFT-6F,247,6962,3952
,,,,,,SER-FSDU-CFT-12F,247,7520,3952
,,,,,,SER-FSDU-CFT-24F,247,0,3952
,,,,,,SER-FSDU-CFT-48F,247,3797,3952
,AJV-0,UPW 1 Year Fix,UPW,,,SER-FSDU-CFT-6F,55,3204,880
,,,,,,SER-FSDU-CFT-12F,55,1018,880
,,,,,,SER-FSDU-CFT-24F,55,0,880
,,,,,,SER-FSDU-CFT-48F,55,1226,880
,AKG-0,KTK 1 Year Fix,KTK,,,SER-FSDU-CFT-6F,197,5765,2032
,,,,,,SER-FSDU-CFT-12F,197,1180,2032
,,,,,,SER-FSDU-CFT-24F,197,3722,2032
,,,,,,SER-FSDU-CFT-48F,197,0,2032
,ALCN-0,KOL 1 Year Fix,KOL,,,SER-FSDU-CFT-6F,93,1326,1912
,,,,,,SER-FSDU-CFT-12F,93,1172,1912
,,,,,,SER-FSDU-CFT-24F,93,237,1912
,,,,,,SER-FSDU-CFT-48F,93,0,1912
,ALN-0,KTK 1 Year Fix,KTK,,,SER-FSDU-CFT-6F,142,3851,1272
,,,,,,SER-FSDU-CFT-12F,142,1782,1272
,,,,,,SER-FSDU-CFT-24F,142,1646,1272
,,,,,,SER-FSDU-CFT-48F,142,0,1272
,ALR-0,KTK 1 Year Fix,KTK,,,SER-FSDU-CFT-6F,363,7932,3296
,,,,,,SER-FSDU-CFT-12F,363,3215,3296
,,,,,,SER-FSDU-CFT-24F,363,2863,3296
,,,,,,SER-FSDU-CFT-48F,363,0,3296
,ALY-0,KTK 1 Year Fix,KTK,,,SER-FSDU-CFT-6F,329,8051,2984
,,,,,,SER-FSDU-CFT-12F,329,3901,2984
,,,,,,SER-FSDU-CFT-24F,329,678,2984
,,,,,,SER-FSDU-CFT-48F,329,1374,2984
,AMT-0,KTK 1 Year Fix,KTK,,,SER-FSDU-CFT-6F,315,8688,2960
,,,,,,SER-FSDU-CFT-12F,315,2153,2960
,,,,,,SER-FSDU-CFT-24F,315,4558,2960
,,,,,,SER-FSDU-CFT-48F,315,0,2960
,AMV-0,UPW 1 Year Fix,UPW,,,SER-FSDU-CFT-6F,217,8491,3472
,,,,,,SER-FSDU-CFT-12F,217,1646,3472
,,,,,,SER-FSDU-CFT-24F,217,2297,3472
,,,,,,SER-FSDU-CFT-48F,217,3687,3472
,AMY-0,UPW 1 Year Fix,UPW,,,SER-FSDU-CFT-6F,203,7000,3248
,,,,,,SER-FSDU-CFT-12F,203,1986,3248
,,,,,,SER-FSDU-CFT-24F,203,914,3248
,,,,,,SER-FSDU-CFT-48F,203,2481,3248
,ANN-0,KTK 1 Year Fix,KTK,,,SER-FSDU-CFT-6F,167,3192,1408
,,,,,,SER-FSDU-CFT-12F,167,1032,1408
,,,,,,SER-FSDU-CFT-24F,167,2500,1408
,,,,,,SER-FSDU-CFT-48F,167,0,1408
,ANP-0,KTK 1 Year Fix,KTK,,,SER-FSDU-CFT-6F,206,3438,2064
,,,,,,SER-FSDU-CFT-12F,206,1114,2064
,,,,,,SER-FSDU-CFT-24F,206,2069,2064
,,,,,,SER-FSDU-CFT-48F,206,0,2064
,B0P-0,DEL 1 Year Fix,DEL,,,SER-FSDU-CFT-6F,147,2529,1240
,,,,,,SER-FSDU-CFT-12F,147,2699,1240
,,,,,,SER-FSDU-CFT-24F,147,4181,1240
,,,,,,SER-FSDU-CFT-48F,147,1790,1240
,B0U-0,DEL 1 Year Fix,DEL,,,SER-FSDU-CFT-6F,52,1167,416
,,,,,,SER-FSDU-CFT-12F,52,1563,416
,,,,,,SER-FSDU-CFT-24F,52,1299,416
,,,,,,SER-FSDU-CFT-48F,52,881,416
,B2A-0,DEL 1 Year Fix,DEL,,,SER-FSDU-CFT-6F,47,437,752
,,,,,,SER-FSDU-CFT-12F,47,1153,752
,,,,,,SER-FSDU-CFT-24F,47,0,752
,,,,,,SER-FSDU-CFT-48F,47,1006,752
,B2F-0,DEL 1 Year Fix,DEL,,,SER-FSDU-CFT-6F,178,1569,1424
,,,,,,SER-FSDU-CFT-12F,178,2339,1424
,,,,,,SER-FSDU-CFT-24F,178,4131,1424
,,,,,,SER-FSDU-CFT-48F,178,2330,1424
,B2Y-0,DEL 1 Year Fix,DEL,,,SER-FSDU-CFT-6F,122,2301,976
,,,,,,SER-FSDU-CFT-12F,122,2760,976
,,,,,,SER-FSDU-CFT-24F,122,2368,976
,,,,,,SER-FSDU-CFT-48F,122,0,976
,B3C-0,DEL 1 Year Fix,DEL,,,SER-FSDU-CFT-6F,175,8705,1400
,,,,,,SER-FSDU-CFT-12F,175,2524,1400
,,,,,,SER-FSDU-CFT-24F,175,2314,1400
,,,,,,SER-FSDU-CFT-48F,175,665,1400
,B3N-0,DEL 1 Year Fix,DEL,,,SER-FSDU-CFT-6F,211,7822,1688
,,,,,,SER-FSDU-CFT-12F,211,4992,1688
,,,,,,SER-FSDU-CFT-24F,211,6714,1688
,,,,,,SER-FSDU-CFT-48F,211,0,1688
,B3R-0,DEL 1 Year Fix,DEL,,,SER-FSDU-CFT-6F,136,1873,1088
,,,,,,SER-FSDU-CFT-12F,136,1775,1088
,,,,,,SER-FSDU-CFT-24F,136,3599,1088
,,,,,,SER-FSDU-CFT-48F,136,2211,1088
,BAK-0,KTK 1 Year Fix,KTK,,,SER-FSDU-CFT-6F,513,7312,4432
,,,,,,SER-FSDU-CFT-12F,513,3559,4432
,,,,,,SER-FSDU-CFT-24F,513,4908,4432
,,,,,,SER-FSDU-CFT-48F,513,0,4432
,BAS-0,KTK 1 Year Fix,KTK,,,SER-FSDU-CFT-6F,84,2696,672
,,,,,,SER-FSDU-CFT-12F,84,888,672
,,,,,,SER-FSDU-CFT-24F,84,0,672
,,,,,,SER-FSDU-CFT-48F,84,0,672
,BBV-0,KTK 1 Year Fix,KTK,,,SER-FSDU-CFT-6F,103,1915,1614
,,,,,,SER-FSDU-CFT-12F,103,822,1614
,,,,,,SER-FSDU-CFT-24F,103,797,1614
,,,,,,SER-FSDU-CFT-48F,103,0,1614
,BCU-0,KTK 1 Year Fix,KTK,,,SER-FSDU-CFT-6F,368,6280,3056
,,,,,,SER-FSDU-CFT-12F,368,3016,3056
,,,,,,SER-FSDU-CFT-24F,368,3241,3056
,,,,,,SER-FSDU-CFT-48F,368,0,3056
,BD3-0,DEL 1 Year Fix,DEL,,,SER-FSDU-CFT-6F,51,2870,408
,,,,,,SER-FSDU-CFT-12F,51,2487,408
,,,,,,SER-FSDU-CFT-24F,51,722,408
,,,,,,SER-FSDU-CFT-48F,51,0,408
,BD4-0,DEL 1 Year Fix,DEL,,,SER-FSDU-CFT-6F,42,563,384
,,,,,,SER-FSDU-CFT-12F,42,629,384
,,,,,,SER-FSDU-CFT-24F,42,1253,384
,,,,,,SER-FSDU-CFT-48F,42,0,384
,BDN-0,KTK 1 Year Fix,KTK,,,SER-FSDU-CFT-6F,313,9157,2864
,,,,,,SER-FSDU-CFT-12F,313,5382,2864
,,,,,,SER-FSDU-CFT-24F,313,3019,2864
,,,,,,SER-FSDU-CFT-48F,313,0,2864
,BDSU-0,KOL 1 Year Fix,KOL,,,SER-FSDU-CFT-6F,15,1388,240
,,,,,,SER-FSDU-CFT-12F,15,555,240
,,,,,,SER-FSDU-CFT-24F,15,1668,240
,,,,,,SER-FSDU-CFT-48F,15,0,240
,BELE-0,KOL 1 Year Fix,KOL,,,SER-FSDU-CFT-6F,21,1759,336
,,,,,,SER-FSDU-CFT-12F,21,1087,336
,,,,,,SER-FSDU-CFT-24F,21,0,336
,,,,,,SER-FSDU-CFT-48F,21,0,336
,BFD-0,KTK 1 Year Fix,KTK,,,SER-FSDU-CFT-6F,145,4056,2582
,,,,,,SER-FSDU-CFT-12F,145,1436,2582
,,,,,,SER-FSDU-CFT-24F,145,1821,2582
,,,,,,SER-FSDU-CFT-48F,145,0,2582
,BG0-0,KOL 1 Year Fix,KOL,,,SER-FSDU-CFT-6F,75,3985,1200
,,,,,,SER-FSDU-CFT-12F,75,1379,1200
,,,,,,SER-FSDU-CFT-24F,75,1055,1200
,,,,,,SER-FSDU-CFT-48F,75,0,1200
,BGD-0,KTK 1 Year Fix,KTK,,,SER-FSDU-CFT-6F,196,5760,1928
,,,,,,SER-FSDU-CFT-12F,196,6296,1928
,,,,,,SER-FSDU-CFT-24F,196,2032,1928
,,,,,,SER-FSDU-CFT-48F,196,0,1928
,BGI-0,KTK 1 Year Fix,KTK,,,SER-FSDU-CFT-6F,164,6086,1832
,,,,,,SER-FSDU-CFT-12F,164,1089,1832
,,,,,,SER-FSDU-CFT-24F,164,4108,1832
,,,,,,SER-FSDU-CFT-48F,164,0,1832
,BIA-0,DEL 1 Year Fix,DEL,,,SER-FSDU-CFT-6F,159,2624,1272
,,,,,,SER-FSDU-CFT-12F,159,3007,1272
,,,,,,SER-FSDU-CFT-24F,159,1794,1272
,,,,,,SER-FSDU-CFT-48F,159,1013,1272
,BKM-0,KOL 1 Year Fix,KOL,,,SER-FSDU-CFT-6F,42,1832,672
,,,,,,SER-FSDU-CFT-12F,42,1545,672
,,,,,,SER-FSDU-CFT-24F,42,351,672
,,,,,,SER-FSDU-CFT-48F,42,0,672
,BLK-0,KTK 1 Year Fix,KTK,,,SER-FSDU-CFT-6F,11,0,260
,,,,,,SER-FSDU-CFT-12F,11,0,260
,,,,,,SER-FSDU-CFT-24F,11,1088,260
,,,,,,SER-FSDU-CFT-48F,11,0,260
,BMW-0,KTK 1 Year Fix,KTK,,,SER-FSDU-CFT-6F,215,9947,1896
,,,,,,SER-FSDU-CFT-12F,215,4312,1896
,,,,,,SER-FSDU-CFT-24F,215,3468,1896
,,,,,,SER-FSDU-CFT-48F,215,225,1896
,BRW-0,KTK 1 Year Fix,KTK,,,SER-FSDU-CFT-6F,71,2054,792
,,,,,,SER-FSDU-CFT-12F,71,558,792
,,,,,,SER-FSDU-CFT-24F,71,1993,792
,,,,,,SER-FSDU-CFT-48F,71,0,792
,BSP-0,KTK 1 Year Fix,KTK,,,SER-FSDU-CFT-6F,143,3409,1200
,,,,,,SER-FSDU-CFT-12F,143,1343,1200
,,,,,,SER-FSDU-CFT-24F,143,1889,1200
,,,,,,SER-FSDU-CFT-48F,143,0,1200
,BSR-0,KTK 1 Year Fix,KTK,,,SER-FSDU-CFT-6F,247,5350,2096
,,,,,,SER-FSDU-CFT-12F,247,1654,2096
,,,,,,SER-FSDU-CFT-24F,247,4134,2096
,,,,,,SER-FSDU-CFT-48F,247,0,2096
,BT3-0,DEL 1 Year Fix,DEL,,,SER-FSDU-CFT-6F,123,1630,984
,,,,,,SER-FSDU-CFT-12F,123,1166,984
,,,,,,SER-FSDU-CFT-24F,123,1497,984
,,,,,,SER-FSDU-CFT-48F,123,2172,984
,BU0-0,DEL 1 Year Fix,DEL,,,SER-FSDU-CFT-6F,200,2958,1600
,,,,,,SER-FSDU-CFT-12F,200,2803,1600
,,,,,,SER-FSDU-CFT-24F,200,5376,1600
,,,,,,SER-FSDU-CFT-48F,200,3744,1600
,BY3-0,DEL 1 Year Fix,DEL,,,SER-FSDU-CFT-6F,0,0,0
,,,,,,SER-FSDU-CFT-12F,0,0,0
,,,,,,SER-FSDU-CFT-24F,0,0,0
,,,,,,SER-FSDU-CFT-48F,0,130,0
,BZL-0,KTK 1 Year Fix,KTK,,,SER-FSDU-CFT-6F,52,1652,520
,,,,,,SER-FSDU-CFT-12F,52,373,520
,,,,,,SER-FSDU-CFT-24F,52,1542,520
,,,,,,SER-FSDU-CFT-48F,52,0,520
,C1N-0,DEL 1 Year Fix,DEL,,,SER-FSDU-CFT-6F,261,6402,2296
,,,,,,SER-FSDU-CFT-12F,261,6958,2296
,,,,,,SER-FSDU-CFT-24F,261,3979,2296
,,,,,,SER-FSDU-CFT-48F,261,1141,2296
,C1W-0,DEL 1 Year Fix,DEL,,,SER-FSDU-CFT-6F,191,5347,1728
,,,,,,SER-FSDU-CFT-12F,191,4645,1728
,,,,,,SER-FSDU-CFT-24F,191,2927,1728
,,,,,,SER-FSDU-CFT-48F,191,487,1728
,C3K-0,DEL 1 Year Fix,DEL,,,SER-FSDU-CFT-6F,244,3046,1960
,,,,,,SER-FSDU-CFT-12F,244,3732,1960
,,,,,,SER-FSDU-CFT-24F,244,1901,1960
,,,,,,SER-FSDU-CFT-48F,244,0,1960
,CDS-0,KTK 1 Year Fix,KTK,,,SER-FSDU-CFT-6F,100,1370,864
,,,,,,SER-FSDU-CFT-12F,100,1069,864
,,,,,,SER-FSDU-CFT-24F,100,970,864
,,,,,,SER-FSDU-CFT-48F,100,976,864
,CH1-0,DEL 1 Year Fix,DEL,,,SER-FSDU-CFT-6F,113,2480,936
,,,,,,SER-FSDU-CFT-12F,113,2467,936
,,,,,,SER-FSDU-CFT-24F,113,1069,936
,,,,,,SER-FSDU-CFT-48F,113,293,936
,CH2/CN3-0,DEL 1 Year Fix,DEL,,,SER-FSDU-CFT-6F,138,3914,1312
,,,,,,SER-FSDU-CFT-12F,138,1962,1312
,,,,,,SER-FSDU-CFT-24F,138,1607,1312
,,,,,,SER-FSDU-CFT-48F,138,457,1312
,CH4-0,DEL 1 Year Fix,DEL,,,SER-FSDU-CFT-6F,139,1733,1112
,,,,,,SER-FSDU-CFT-12F,139,1554,1112
,,,,,,SER-FSDU-CFT-24F,139,2216,1112
,,,,,,SER-FSDU-CFT-48F,139,2775,1112
,CHT-0,KTK 1 Year Fix,KTK,,,SER-FSDU-CFT-6F,191,2602,1608
,,,,,,SER-FSDU-CFT-12F,191,460,1608
,,,,,,SER-FSDU-CFT-24F,191,1273,1608
,,,,,,SER-FSDU-CFT-48F,191,0,1608
,CIL-0,KTK 1 Year Fix,KTK,,,SER-FSDU-CFT-6F,237,6699,2400
,,,,,,SER-FSDU-CFT-12F,237,2240,2400
,,,,,,SER-FSDU-CFT-24F,237,3441,2400
,,,,,,SER-FSDU-CFT-48F,237,0,2400
,CJR-0,KTK 1 Year Fix,KTK,,,SER-FSDU-CFT-6F,218,3238,1936
,,,,,,SER-FSDU-CFT-12F,218,1679,1936
,,,,,,SER-FSDU-CFT-24F,218,1441,1936
,,,,,,SER-FSDU-CFT-48F,218,0,1936
,CK2-0,KTK 1 Year Fix,KTK,,,SER-FSDU-CFT-6F,163,2157,1488
,,,,,,SER-FSDU-CFT-12F,163,2229,1488
,,,,,,SER-FSDU-CFT-24F,163,1388,1488
,,,,,,SER-FSDU-CFT-48F,163,1230,1488
,CLG-0,KTK 1 Year Fix,KTK,,,SER-FSDU-CFT-6F,681,3884,5592
,,,,,,SER-FSDU-CFT-12F,681,3427,5592
,,,,,,SER-FSDU-CFT-24F,681,3083,5592
,,,,,,SER-FSDU-CFT-48F,681,0,5592
,CMH-0,KTK 1 Year Fix,KTK,,,SER-FSDU-CFT-6F,302,11946,2776
,,,,,,SER-FSDU-CFT-12F,302,6443,2776
,,,,,,SER-FSDU-CFT-24F,302,6428,2776
,,,,,,SER-FSDU-CFT-48F,302,0,2776
,CMR-0,KTK 1 Year Fix,KTK,,,SER-FSDU-CFT-6F,216,4165,2000
,,,,,,SER-FSDU-CFT-12F,216,905,2000
,,,,,,SER-FSDU-CFT-24F,216,2682,2000
,,,,,,SER-FSDU-CFT-48F,216,0,2000
,CN3-0,DEL 1 Year Fix,DEL,,,SER-FSDU-CFT-6F,168,2791,1344
,,,,,,SER-FSDU-CFT-12F,168,4215,1344
,,,,,,SER-FSDU-CFT-24F,168,2324,1344
,,,,,,SER-FSDU-CFT-48F,168,0,1344
,CNH-0,KTK 1 Year Fix,KTK,,,SER-FSDU-CFT-6F,59,1051,664
,,,,,,SER-FSDU-CFT-12F,59,407,664
,,,,,,SER-FSDU-CFT-24F,59,1477,664
,,,,,,SER-FSDU-CFT-48F,59,0,664
,CONV-0,KOL 1 Year Fix,KOL,,,SER-FSDU-CFT-6F,73,3626,1168
,,,,,,SER-FSDU-CFT-12F,73,2741,1168
,,,,,,SER-FSDU-CFT-24F,73,318,1168
,,,,,,SER-FSDU-CFT-48F,73,0,1168
,CQG-0,KTK 1 Year Fix,KTK,,,SER-FSDU-CFT-6F,0,0,0
,,,,,,SER-FSDU-CFT-12F,0,0,0
,,,,,,SER-FSDU-CFT-24F,0,0,0
,,,,,,SER-FSDU-CFT-48F,0,490,0
,CRG-0,KTK 1 Year Fix,KTK,,,SER-FSDU-CFT-6F,0,0,0
,,,,,,SER-FSDU-CFT-12F,0,0,0
,,,,,,SER-FSDU-CFT-24F,0,649,0
,,,,,,SER-FSDU-CFT-48F,0,0,0
,CRN-0,KTK 1 Year Fix,KTK,,,SER-FSDU-CFT-6F,0,0,0
,,,,,,SER-FSDU-CFT-12F,0,0,0
,,,,,,SER-FSDU-CFT-24F,0,0,0
,,,,,,SER-FSDU-CFT-48F,0,274,0
,CTO-0,KTK 1 Year Fix,KTK,,,SER-FSDU-CFT-6F,272,11947,2176
,,,,,,SER-FSDU-CFT-12F,272,3980,2176
,,,,,,SER-FSDU-CFT-24F,272,4787,2176
,,,,,,SER-FSDU-CFT-48F,272,0,2176
,D0U-0,DEL 1 Year Fix,DEL,,,SER-FSDU-CFT-6F,209,2516,1672
,,,,,,SER-FSDU-CFT-12F,209,3166,1672
,,,,,,SER-FSDU-CFT-24F,209,4396,1672
,,,,,,SER-FSDU-CFT-48F,209,1014,1672
,D2W-0,DEL 1 Year Fix,DEL,,,SER-FSDU-CFT-6F,315,5273,2520
,,,,,,SER-FSDU-CFT-12F,315,6839,2520
,,,,,,SER-FSDU-CFT-24F,315,3864,2520
,,,,,,SER-FSDU-CFT-48F,315,663,2520
,D3S-0,DEL 1 Year Fix,DEL,,,SER-FSDU-CFT-6F,319,12246,2552
,,,,,,SER-FSDU-CFT-12F,319,5267,2552
,,,,,,SER-FSDU-CFT-24F,319,2789,2552
,,,,,,SER-FSDU-CFT-48F,319,600,2552
,D3V-0,DEL 1 Year Fix,DEL,,,SER-FSDU-CFT-6F,64,1367,512
,,,,,,SER-FSDU-CFT-12F,64,1217,512
,,,,,,SER-FSDU-CFT-24F,64,818,512
,,,,,,SER-FSDU-CFT-48F,64,0,512
,D8X-0,DEL 1 Year Fix,DEL,,,SER-FSDU-CFT-6F,125,940,1824
,,,,,,SER-FSDU-CFT-12F,125,1324,1824
,,,,,,SER-FSDU-CFT-24F,125,1479,1824
,,,,,,SER-FSDU-CFT-48F,125,1385,1824
,D9E-0,DEL 1 Year Fix,DEL,,,SER-FSDU-CFT-6F,291,2998,2512
,,,,,,SER-FSDU-CFT-12F,291,2680,2512
,,,,,,SER-FSDU-CFT-24F,291,4183,2512
,,,,,,SER-FSDU-CFT-48F,291,4261,2512
,D9X-0,DEL 1 Year Fix,DEL,,,SER-FSDU-CFT-6F,126,1146,2016
,,,,,,SER-FSDU-CFT-12F,126,1112,2016
,,,,,,SER-FSDU-CFT-24F,126,1694,2016
,,,,,,SER-FSDU-CFT-48F,126,1517,2016
,DBF-0,UPW 1 Year Fix,UPW,,,SER-FSDU-CFT-6F,256,4408,4096
,,,,,,SER-FSDU-CFT-12F,256,5183,4096
,,,,,,SER-FSDU-CFT-24F,256,3709,4096
,,,,,,SER-FSDU-CFT-48F,256,4708,4096
,DBG-0,UPW 1 Year Fix,UPW,,,SER-FSDU-CFT-6F,243,8197,3888
,,,,,,SER-FSDU-CFT-12F,243,4590,3888
,,,,,,SER-FSDU-CFT-24F,243,1396,3888
,,,,,,SER-FSDU-CFT-48F,243,4080,3888
,DBP-0,UPW 1 Year Fix,UPW,,,SER-FSDU-CFT-6F,160,1848,2560
,,,,,,SER-FSDU-CFT-12F,160,6269,2560
,,,,,,SER-FSDU-CFT-24F,160,1751,2560
,,,,,,SER-FSDU-CFT-48F,160,3321,2560
,DFZ-0,DEL 1 Year Fix,DEL,,,SER-FSDU-CFT-6F,95,0,0
,,,,,,SER-FSDU-CFT-12F,95,0,0
,,,,,,SER-FSDU-CFT-24F,95,163,0
,,,,,,SER-FSDU-CFT-48F,95,94,0
,DHL-0,KTK 1 Year Fix,KTK,,,SER-FSDU-CFT-6F,302,5568,2976
,,,,,,SER-FSDU-CFT-12F,302,2969,2976
,,,,,,SER-FSDU-CFT-24F,302,3973,2976
,,,,,,SER-FSDU-CFT-48F,302,0,2976
,DIM-0,DEL 1 Year Fix,DEL,,,SER-FSDU-CFT-6F,180,6059,1440
,,,,,,SER-FSDU-CFT-12F,180,6913,1440
,,,,,,SER-FSDU-CFT-24F,180,3961,1440
,,,,,,SER-FSDU-CFT-48F,180,0,1440
,DL9-0,DEL 1 Year Fix,DEL,,,SER-FSDU-CFT-6F,29,0,0
,,,,,,SER-FSDU-CFT-12F,29,0,0
,,,,,,SER-FSDU-CFT-24F,29,0,0
,,,,,,SER-FSDU-CFT-48F,29,395,0
,DLW-0,KTK 1 Year Fix,KTK,,,SER-FSDU-CFT-6F,107,1203,920
,,,,,,SER-FSDU-CFT-12F,107,521,920
,,,,,,SER-FSDU-CFT-24F,107,778,920
,,,,,,SER-FSDU-CFT-48F,107,0,920
,DLZ-0,KTK 1 Year Fix,KTK,,,SER-FSDU-CFT-6F,172,2314,1512
,,,,,,SER-FSDU-CFT-12F,172,907,1512
,,,,,,SER-FSDU-CFT-24F,172,713,1512
,,,,,,SER-FSDU-CFT-48F,172,738,1512
,DRK-0,KTK 1 Year Fix,KTK,,,SER-FSDU-CFT-6F,139,1977,1112
,,,,,,SER-FSDU-CFT-12F,139,1609,1112
,,,,,,SER-FSDU-CFT-24F,139,1200,1112
,,,,,,SER-FSDU-CFT-48F,139,0,1112
,DRR-0,KTK 1 Year Fix,KTK,,,SER-FSDU-CFT-6F,296,5454,3199
,,,,,,SER-FSDU-CFT-12F,296,6145,3199
,,,,,,SER-FSDU-CFT-24F,296,2746,3199
,,,,,,SER-FSDU-CFT-48F,296,0,3199
,DSPK-0,KOL 1 Year Fix,KOL,,,SER-FSDU-CFT-6F,105,3781,1680
,,,,,,SER-FSDU-CFT-12F,105,3503,1680
,,,,,,SER-FSDU-CFT-24F,105,506,1680
,,,,,,SER-FSDU-CFT-48F,105,0,1680
,DSR-0,KTK 1 Year Fix,KTK,,,SER-FSDU-CFT-6F,182,3866,1560
,,,,,,SER-FSDU-CFT-12F,182,1073,1560
,,,,,,SER-FSDU-CFT-24F,182,4054,1560
,,,,,,SER-FSDU-CFT-48F,182,0,1560
,DTT-0,KTK 1 Year Fix,KTK,,,SER-FSDU-CFT-6F,359,6044,3096
,,,,,,SER-FSDU-CFT-12F,359,4188,3096
,,,,,,SER-FSDU-CFT-24F,359,2946,3096
,,,,,,SER-FSDU-CFT-48F,359,0,3096
,DU0-0,DEL 1 Year Fix,DEL,,,SER-FSDU-CFT-6F,32,430,256
,,,,,,SER-FSDU-CFT-12F,32,570,256
,,,,,,SER-FSDU-CFT-24F,32,954,256
,,,,,,SER-FSDU-CFT-48F,32,0,256
,DU4-0,DEL 1 Year Fix,DEL,,,SER-FSDU-CFT-6F,128,1367,952
,,,,,,SER-FSDU-CFT-12F,128,1558,952
,,,,,,SER-FSDU-CFT-24F,128,2201,952
,,,,,,SER-FSDU-CFT-48F,128,1334,952
,DX3-0,DEL 1 Year Fix,DEL,,,SER-FSDU-CFT-6F,213,11465,1704
,,,,,,SER-FSDU-CFT-12F,213,9000,1704
,,,,,,SER-FSDU-CFT-24F,213,6727,1704
,,,,,,SER-FSDU-CFT-48F,213,2083,1704
,E17-0,TAM 1 Year Fix,TAM,,,SER-FSDU-CFT-6F,228,10123,3616
,,,,,,SER-FSDU-CFT-12F,228,22,3616
,,,,,,SER-FSDU-CFT-24F,228,8626,3616
,,,,,,SER-FSDU-CFT-48F,228,0,3616
,E20-0,TAM 1 Year Fix,TAM,,,SER-FSDU-CFT-6F,196,6102,1568
,,,,,,SER-FSDU-CFT-12F,196,1515,1568
,,,,,,SER-FSDU-CFT-24F,196,2435,1568
,,,,,,SER-FSDU-CFT-48F,196,0,1568
,E2X-0,DEL 1 Year Fix,DEL,,,SER-FSDU-CFT-6F,268,5646,2144
,,,,,,SER-FSDU-CFT-12F,268,5018,2144
,,,,,,SER-FSDU-CFT-24F,268,3374,2144
,,,,,,SER-FSDU-CFT-48F,268,572,2144
,E82-0,TAM 1 Year Fix,TAM,,,SER-FSDU-CFT-6F,283,9058,1904
,,,,,,SER-FSDU-CFT-12F,283,2472,1904
,,,,,,SER-FSDU-CFT-24F,283,5440,1904
,,,,,,SER-FSDU-CFT-48F,283,0,1904
,EJP-0,KTK 1 Year Fix,KTK,,,SER-FSDU-CFT-6F,320,3401,3533
,,,,,,SER-FSDU-CFT-12F,320,2470,3533
,,,,,,SER-FSDU-CFT-24F,320,1791,3533
,,,,,,SER-FSDU-CFT-48F,320,0,3533
,EMI-0,KTK 1 Year Fix,KTK,,,SER-FSDU-CFT-6F,97,2716,920
,,,,,,SER-FSDU-CFT-12F,97,783,920
,,,,,,SER-FSDU-CFT-24F,97,1826,920
,,,,,,SER-FSDU-CFT-48F,97,0,920
,EMR-0,KTK 1 Year Fix,KTK,,,SER-FSDU-CFT-6F,405,5388,3800
,,,,,,SER-FSDU-CFT-12F,405,5142,3800
,,,,,,SER-FSDU-CFT-24F,405,3434,3800
,,,,,,SER-FSDU-CFT-48F,405,0,3800
,ENL-0,KTK 1 Year Fix,KTK,,,SER-FSDU-CFT-6F,350,8724,2880
,,,,,,SER-FSDU-CFT-12F,350,1661,2880
,,,,,,SER-FSDU-CFT-24F,350,2622,2880
,,,,,,SER-FSDU-CFT-48F,350,1690,2880
,EPR-0,KTK 1 Year Fix,KTK,,,SER-FSDU-CFT-6F,259,10119,3248
,,,,,,SER-FSDU-CFT-12F,259,4931,3248
,,,,,,SER-FSDU-CFT-24F,259,3989,3248
,,,,,,SER-FSDU-CFT-48F,259,0,3248
,ESL-0,KTK 1 Year Fix,KTK,,,SER-FSDU-CFT-6F,48,2031,568
,,,,,,SER-FSDU-CFT-12F,48,366,568
,,,,,,SER-FSDU-CFT-24F,48,1072,568
,,,,,,SER-FSDU-CFT-48F,48,0,568
,EWL-0,KTK 1 Year Fix,KTK,,,SER-FSDU-CFT-6F,128,2486,1200
,,,,,,SER-FSDU-CFT-12F,128,1005,1200
,,,,,,SER-FSDU-CFT-24F,128,1737,1200
,,,,,,SER-FSDU-CFT-48F,128,0,1200
,EWS-0,KTK 1 Year Fix,KTK,,,SER-FSDU-CFT-6F,373,11341,4592
,,,,,,SER-FSDU-CFT-12F,373,5647,4592
,,,,,,SER-FSDU-CFT-24F,373,4298,4592
,,,,,,SER-FSDU-CFT-48F,373,0,4592
,F02-0,DEL 1 Year Fix,DEL,,,SER-FSDU-CFT-6F,221,8078,3536
,,,,,,SER-FSDU-CFT-12F,221,2853,3536
,,,,,,SER-FSDU-CFT-24F,221,2207,3536
,,,,,,SER-FSDU-CFT-48F,221,848,3536
,F1T-0,DEL 1 Year Fix,DEL,,,SER-FSDU-CFT-6F,298,5860,2384
,,,,,,SER-FSDU-CFT-12F,298,2926,2384
,,,,,,SER-FSDU-CFT-24F,298,2611,2384
,,,,,,SER-FSDU-CFT-48F,298,3306,2384
,F2Z-0,DEL 1 Year Fix,DEL,,,SER-FSDU-CFT-6F,3,107,384
,,,,,,SER-FSDU-CFT-12F,3,251,384
,,,,,,SER-FSDU-CFT-24F,3,435,384
,,,,,,SER-FSDU-CFT-48F,3,401,384
,F3T-0,DEL 1 Year Fix,DEL,,,SER-FSDU-CFT-6F,125,4480,1000
,,,,,,SER-FSDU-CFT-12F,125,1599,1000
,,,,,,SER-FSDU-CFT-24F,125,1773,1000
,,,,,,SER-FSDU-CFT-48F,125,120,1000
,F88-0,TAM 1 Year Fix,TAM,,,SER-FSDU-CFT-6F,177,5209,1240
,,,,,,SER-FSDU-CFT-12F,177,1161,1240
,,,,,,SER-FSDU-CFT-24F,177,3896,1240
,,,,,,SER-FSDU-CFT-48F,177,0,1240
,F90-0,TAM 1 Year Fix,TAM,,,SER-FSDU-CFT-6F,40,1600,264
,,,,,,SER-FSDU-CFT-12F,40,250,264
,,,,,,SER-FSDU-CFT-24F,40,2483,264
,,,,,,SER-FSDU-CFT-48F,40,0,264
,F91-0,TAM 1 Year Fix,TAM,,,SER-FSDU-CFT-6F,157,4756,928
,,,,,,SER-FSDU-CFT-12F,157,964,928
,,,,,,SER-FSDU-CFT-24F,157,3685,928
,,,,,,SER-FSDU-CFT-48F,157,0,928
,F92-0,TAM 1 Year Fix,TAM,,,SER-FSDU-CFT-6F,55,1447,248
,,,,,,SER-FSDU-CFT-12F,55,890,248
,,,,,,SER-FSDU-CFT-24F,55,902,248
,,,,,,SER-FSDU-CFT-48F,55,0,248
,F93-0,TAM 1 Year Fix,TAM,,,SER-FSDU-CFT-6F,278,7265,2200
,,,,,,SER-FSDU-CFT-12F,278,874,2200
,,,,,,SER-FSDU-CFT-24F,278,7053,2200
,,,,,,SER-FSDU-CFT-48F,278,0,2200
,FCE-0,KTK 1 Year Fix,KTK,,,SER-FSDU-CFT-6F,238,3922,1960
,,,,,,SER-FSDU-CFT-12F,238,2891,1960
,,,,,,SER-FSDU-CFT-24F,238,1793,1960
,,,,,,SER-FSDU-CFT-48F,238,0,1960
,FD6-0,KOL 1 Year Fix,KOL,,,SER-FSDU-CFT-6F,220,7249,2944
,,,,,,SER-FSDU-CFT-12F,220,5234,2944
,,,,,,SER-FSDU-CFT-24F,220,1764,2944
,,,,,,SER-FSDU-CFT-48F,220,0,2944
,FE3-0,KOL 1 Year Fix,KOL,,,SER-FSDU-CFT-6F,121,5194,1936
,,,,,,SER-FSDU-CFT-12F,121,2938,1936
,,,,,,SER-FSDU-CFT-24F,121,725,1936
,,,,,,SER-FSDU-CFT-48F,121,0,1936
,FE4-0,KOL 1 Year Fix,KOL,,,SER-FSDU-CFT-6F,210,9806,3360
,,,,,,SER-FSDU-CFT-12F,210,5068,3360
,,,,,,SER-FSDU-CFT-24F,210,1385,3360
,,,,,,SER-FSDU-CFT-48F,210,0,3360
,FE5-0,KOL 1 Year Fix,KOL,,,SER-FSDU-CFT-6F,109,10112,1744
,,,,,,SER-FSDU-CFT-12F,109,3775,1744
,,,,,,SER-FSDU-CFT-24F,109,107,1744
,,,,,,SER-FSDU-CFT-48F,109,0,1744
,FE6-0,KOL 1 Year Fix,KOL,,,SER-FSDU-CFT-6F,216,13060,3456
,,,,,,SER-FSDU-CFT-12F,216,5700,3456
,,,,,,SER-FSDU-CFT-24F,216,2020,3456
,,,,,,SER-FSDU-CFT-48F,216,0,3456
,FE7,KOL 1 Year Fix,KOL,,,SER-FSDU-CFT-6F,0,1684,0
,,,,,,SER-FSDU-CFT-12F,0,0,0
,,,,,,SER-FSDU-CFT-24F,0,0,0
,,,,,,SER-FSDU-CFT-48F,0,0,0
,FE7-0,KOL 1 Year Fix,KOL,,,SER-FSDU-CFT-6F,242,7367,3872
,,,,,,SER-FSDU-CFT-12F,242,4511,3872
,,,,,,SER-FSDU-CFT-24F,242,402,3872
,,,,,,SER-FSDU-CFT-48F,242,0,3872
,FE8-0,KOL 1 Year Fix,KOL,,,SER-FSDU-CFT-6F,235,7723,3760
,,,,,,SER-FSDU-CFT-12F,235,4229,3760
,,,,,,SER-FSDU-CFT-24F,235,1166,3760
,,,,,,SER-FSDU-CFT-48F,235,0,3760
,FM2-0,DEL 1 Year Fix,DEL,,,SER-FSDU-CFT-6F,16,1320,128
,,,,,,SER-FSDU-CFT-12F,16,102,128
,,,,,,SER-FSDU-CFT-24F,16,223,128
,,,,,,SER-FSDU-CFT-48F,16,0,128
,FNX-0,DEL 1 Year Fix,DEL,,,SER-FSDU-CFT-6F,0,0,0
,,,,,,SER-FSDU-CFT-12F,0,0,0
,,,,,,SER-FSDU-CFT-24F,0,0,0
,,,,,,SER-FSDU-CFT-48F,0,542,0
,FNZ-0,DEL 1 Year Fix,DEL,,,SER-FSDU-CFT-6F,0,0,0
,,,,,,SER-FSDU-CFT-12F,0,0,0
,,,,,,SER-FSDU-CFT-24F,0,0,0
,,,,,,SER-FSDU-CFT-48F,0,1313,0
,FO9-0,KOL 1 Year Fix,KOL,,,SER-FSDU-CFT-6F,191,2356,3056
,,,,,,SER-FSDU-CFT-12F,191,1205,3056
,,,,,,SER-FSDU-CFT-24F,191,467,3056
,,,,,,SER-FSDU-CFT-48F,191,0,3056
,FP2-0,DEL 1 Year Fix,DEL,,,SER-FSDU-CFT-6F,275,10710,2200
,,,,,,SER-FSDU-CFT-12F,275,3994,2200
,,,,,,SER-FSDU-CFT-24F,275,3512,2200
,,,,,,SER-FSDU-CFT-48F,275,0,2200
,FW0-0,KOL 1 Year Fix,KOL,,,SER-FSDU-CFT-6F,0,0,0
,,,,,,SER-FSDU-CFT-12F,0,3004,0
,,,,,,SER-FSDU-CFT-24F,0,0,0
,,,,,,SER-FSDU-CFT-48F,0,0,0
,FW8-0,KOL 1 Year Fix,KOL,,,SER-FSDU-CFT-6F,0,0,0
,,,,,,SER-FSDU-CFT-12F,0,402,0
,,,,,,SER-FSDU-CFT-24F,0,170,0
,,,,,,SER-FSDU-CFT-48F,0,0,0
,FX0-0,KOL 1 Year Fix,KOL,,,SER-FSDU-CFT-6F,0,0,0
,,,,,,SER-FSDU-CFT-12F,0,510,0
,,,,,,SER-FSDU-CFT-24F,0,0,0
,,,,,,SER-FSDU-CFT-48F,0,0,0
,FX2-0,DEL 1 Year Fix,DEL,,,SER-FSDU-CFT-6F,173,5002,1384
,,,,,,SER-FSDU-CFT-12F,173,5161,1384
,,,,,,SER-FSDU-CFT-24F,173,2706,1384
,,,,,,SER-FSDU-CFT-48F,173,0,1384
,FX5-0,KOL 1 Year Fix,KOL,,,SER-FSDU-CFT-6F,0,1300,0
,,,,,,SER-FSDU-CFT-12F,0,0,0
,,,,,,SER-FSDU-CFT-24F,0,0,0
,,,,,,SER-FSDU-CFT-48F,0,0,0
,FZX-0,DEL 1 Year Fix,DEL,,,SER-FSDU-CFT-6F,329,5167,2632
,,,,,,SER-FSDU-CFT-12F,329,2141,2632
,,,,,,SER-FSDU-CFT-24F,329,3199,2632
,,,,,,SER-FSDU-CFT-48F,329,990,2632
,G17-0,DEL 1 Year Fix,DEL,,,SER-FSDU-CFT-6F,53,2564,848
,,,,,,SER-FSDU-CFT-12F,53,1530,848
,,,,,,SER-FSDU-CFT-24F,53,263,848
,,,,,,SER-FSDU-CFT-48F,53,0,848
,G2J-0,DEL 1 Year Fix,DEL,,,SER-FSDU-CFT-6F,61,0,0
,,,,,,SER-FSDU-CFT-12F,61,0,0
,,,,,,SER-FSDU-CFT-24F,61,0,0
,,,,,,SER-FSDU-CFT-48F,61,298,0
,G3D-0,DEL 1 Year Fix,DEL,,,SER-FSDU-CFT-6F,64,3000,1024
,,,,,,SER-FSDU-CFT-12F,64,1000,1024
,,,,,,SER-FSDU-CFT-24F,64,1494,1024
,,,,,,SER-FSDU-CFT-48F,64,0,1024
,G3R-0,DEL 1 Year Fix,DEL,,,SER-FSDU-CFT-6F,88,6268,1408
,,,,,,SER-FSDU-CFT-12F,88,2401,1408
,,,,,,SER-FSDU-CFT-24F,88,693,1408
,,,,,,SER-FSDU-CFT-48F,88,145,1408
,G3S-0,DEL 1 Year Fix,DEL,,,SER-FSDU-CFT-6F,76,5548,1216
,,,,,,SER-FSDU-CFT-12F,76,2696,1216
,,,,,,SER-FSDU-CFT-24F,76,1058,1216
,,,,,,SER-FSDU-CFT-48F,76,320,1216
,G3S-1,DEL 1 Year Fix,DEL,,,SER-FSDU-CFT-6F,20,1549,160
,,,,,,SER-FSDU-CFT-12F,20,717,160
,,,,,,SER-FSDU-CFT-24F,20,295,160
,,,,,,SER-FSDU-CFT-48F,20,0,160
,G4A-0,DEL 1 Year Fix,DEL,,,SER-FSDU-CFT-6F,159,2101,2544
,,,,,,SER-FSDU-CFT-12F,159,3445,2544
,,,,,,SER-FSDU-CFT-24F,159,381,2544
,,,,,,SER-FSDU-CFT-48F,159,0,2544
,G4L-0,DEL 1 Year Fix,DEL,,,SER-FSDU-CFT-6F,162,3838,1304
,,,,,,SER-FSDU-CFT-12F,162,2355,1304
,,,,,,SER-FSDU-CFT-24F,162,4759,1304
,,,,,,SER-FSDU-CFT-48F,162,3839,1304
,G4R-0,DEL 1 Year Fix,DEL,,,SER-FSDU-CFT-6F,0,0,0
,,,,,,SER-FSDU-CFT-12F,0,350,0
,,,,,,SER-FSDU-CFT-24F,0,0,0
,,,,,,SER-FSDU-CFT-48F,0,405,0
,GA2-0,DEL 1 Year Fix,DEL,,,SER-FSDU-CFT-6F,119,1492,952
,,,,,,SER-FSDU-CFT-12F,119,2645,952
,,,,,,SER-FSDU-CFT-24F,119,1955,952
,,,,,,SER-FSDU-CFT-48F,119,635,952
,GAC-0,DEL 1 Year Fix,DEL,,,SER-FSDU-CFT-6F,37,695,312
,,,,,,SER-FSDU-CFT-12F,37,498,312
,,,,,,SER-FSDU-CFT-24F,37,370,312
,,,,,,SER-FSDU-CFT-48F,37,596,312
,GBP-0,KTK 1 Year Fix,KTK,,,SER-FSDU-CFT-6F,380,4072,3302
,,,,,,SER-FSDU-CFT-12F,380,3834,3302
,,,,,,SER-FSDU-CFT-24F,380,1619,3302
,,,,,,SER-FSDU-CFT-48F,380,0,3302
,GBR-0,DEL 1 Year Fix,DEL,,,SER-FSDU-CFT-6F,219,5080,3504
,,,,,,SER-FSDU-CFT-12F,219,5729,3504
,,,,,,SER-FSDU-CFT-24F,219,2806,3504
,,,,,,SER-FSDU-CFT-48F,219,3242,3504
,GBR-1,DEL 1 Year Fix,DEL,,,SER-FSDU-CFT-6F,68,2083,1088
,,,,,,SER-FSDU-CFT-12F,68,2080,1088
,,,,,,SER-FSDU-CFT-24F,68,804,1088
,,,,,,SER-FSDU-CFT-48F,68,0,1088
,GDH-0,KTK 1 Year Fix,KTK,,,SER-FSDU-CFT-6F,297,5115,2736
,,,,,,SER-FSDU-CFT-12F,297,2218,2736
,,,,,,SER-FSDU-CFT-24F,297,1854,2736
,,,,,,SER-FSDU-CFT-48F,297,0,2736
,GDX-0,KTK 1 Year Fix,KTK,,,SER-FSDU-CFT-6F,425,4506,3456
,,,,,,SER-FSDU-CFT-12F,425,1393,3456
,,,,,,SER-FSDU-CFT-24F,425,1691,3456
,,,,,,SER-FSDU-CFT-48F,425,0,3456
,GEH-0,KTK 1 Year Fix,KTK,,,SER-FSDU-CFT-6F,364,4876,2976
,,,,,,SER-FSDU-CFT-12F,364,1862,2976
,,,,,,SER-FSDU-CFT-24F,364,1505,2976
,,,,,,SER-FSDU-CFT-48F,364,0,2976
,GEM-0,KTK 1 Year Fix,KTK,,,SER-FSDU-CFT-6F,242,2425,1942
,,,,,,SER-FSDU-CFT-12F,242,1512,1942
,,,,,,SER-FSDU-CFT-24F,242,1582,1942
,,,,,,SER-FSDU-CFT-48F,242,0,1942
,GEU-0,DEL 1 Year Fix,DEL,,,SER-FSDU-CFT-6F,26,2125,416
,,,,,,SER-FSDU-CFT-12F,26,433,416
,,,,,,SER-FSDU-CFT-24F,26,535,416
,,,,,,SER-FSDU-CFT-48F,26,0,416
,GGC-0,KOL 1 Year Fix,KOL,,,SER-FSDU-CFT-6F,228,7471,3648
,,,,,,SER-FSDU-CFT-12F,228,4397,3648
,,,,,,SER-FSDU-CFT-24F,228,4884,3648
,,,,,,SER-FSDU-CFT-48F,228,0,3648
,GHD-0,DEL 1 Year Fix,DEL,,,SER-FSDU-CFT-6F,75,1242,600
,,,,,,SER-FSDU-CFT-12F,75,1333,600
,,,,,,SER-FSDU-CFT-24F,75,1107,600
,,,,,,SER-FSDU-CFT-48F,75,0,600
,GHM-0,KOL 1 Year Fix,KOL,,,SER-FSDU-CFT-6F,122,5730,1952
,,,,,,SER-FSDU-CFT-12F,122,2937,1952
,,,,,,SER-FSDU-CFT-24F,122,307,1952
,,,,,,SER-FSDU-CFT-48F,122,0,1952
,GIG-0,DEL 1 Year Fix,DEL,,,SER-FSDU-CFT-6F,0,0,0
,,,,,,SER-FSDU-CFT-12F,0,0,0
,,,,,,SER-FSDU-CFT-24F,0,0,0
,,,,,,SER-FSDU-CFT-48F,0,392,0
,GIW-0,DEL 1 Year Fix,DEL,,,SER-FSDU-CFT-6F,40,1109,320
,,,,,,SER-FSDU-CFT-12F,40,1649,320
,,,,,,SER-FSDU-CFT-24F,40,0,320
,,,,,,SER-FSDU-CFT-48F,40,0,320
,GJR-0,DEL 1 Year Fix,DEL,,,SER-FSDU-CFT-6F,72,4883,1152
,,,,,,SER-FSDU-CFT-12F,72,4141,1152
,,,,,,SER-FSDU-CFT-24F,72,341,1152
,,,,,,SER-FSDU-CFT-48F,72,0,1152
,GJU-0,DEL 1 Year Fix,DEL,,,SER-FSDU-CFT-6F,48,1961,768
,,,,,,SER-FSDU-CFT-12F,48,499,768
,,,,,,SER-FSDU-CFT-24F,48,1051,768
,,,,,,SER-FSDU-CFT-48F,48,0,768
,GKD-0,DEL 1 Year Fix,DEL,,,SER-FSDU-CFT-6F,16,1327,128
,,,,,,SER-FSDU-CFT-12F,16,49,128
,,,,,,SER-FSDU-CFT-24F,16,45,128
,,,,,,SER-FSDU-CFT-48F,16,0,128
,GKR-0,DEL 1 Year Fix,DEL,,,SER-FSDU-CFT-6F,118,4025,1896
,,,,,,SER-FSDU-CFT-12F,118,4135,1896
,,,,,,SER-FSDU-CFT-24F,118,1647,1896
,,,,,,SER-FSDU-CFT-48F,118,154,1896
,GLU-0,KTK 1 Year Fix,KTK,,,SER-FSDU-CFT-6F,247,2905,2232
,,,,,,SER-FSDU-CFT-12F,247,1658,2232
,,,,,,SER-FSDU-CFT-24F,247,1579,2232
,,,,,,SER-FSDU-CFT-48F,247,0,2232
,GMA-0,DEL 1 Year Fix,DEL,,,SER-FSDU-CFT-6F,784,1124,78
,,,,,,SER-FSDU-CFT-12F,784,1054,78
,,,,,,SER-FSDU-CFT-24F,784,1234,78
,,,,,,SER-FSDU-CFT-48F,784,1298,78
,GMT-0,DEL 1 Year Fix,DEL,,,SER-FSDU-CFT-6F,99,6960,1584
,,,,,,SER-FSDU-CFT-12F,99,1491,1584
,,,,,,SER-FSDU-CFT-24F,99,290,1584
,,,,,,SER-FSDU-CFT-48F,99,0,1584
,GN3-0,DEL 1 Year Fix,DEL,,,SER-FSDU-CFT-6F,48,2331,768
,,,,,,SER-FSDU-CFT-12F,48,491,768
,,,,,,SER-FSDU-CFT-24F,48,1136,768
,,,,,,SER-FSDU-CFT-48F,48,0,768
,GNU-0,DEL 1 Year Fix,DEL,,,SER-FSDU-CFT-6F,12,426,152
,,,,,,SER-FSDU-CFT-12F,12,141,152
,,,,,,SER-FSDU-CFT-24F,12,383,152
,,,,,,SER-FSDU-CFT-48F,12,0,152
,GNW-0,DEL 1 Year Fix,DEL,,,SER-FSDU-CFT-6F,78,2850,1248
,,,,,,SER-FSDU-CFT-12F,78,1387,1248
,,,,,,SER-FSDU-CFT-24F,78,871,1248
,,,,,,SER-FSDU-CFT-48F,78,0,1248
,GNW-1,DEL 1 Year Fix,DEL,,,SER-FSDU-CFT-6F,90,3133,1440
,,,,,,SER-FSDU-CFT-12F,90,1396,1440
,,,,,,SER-FSDU-CFT-24F,90,1077,1440
,,,,,,SER-FSDU-CFT-48F,90,0,1440
,GOR-0,DEL 1 Year Fix,DEL,,,SER-FSDU-CFT-6F,75,4321,1200
,,,,,,SER-FSDU-CFT-12F,75,2837,1200
,,,,,,SER-FSDU-CFT-24F,75,503,1200
,,,,,,SER-FSDU-CFT-48F,75,0,1200
,GP5-0,DEL 1 Year Fix,DEL,,,SER-FSDU-CFT-6F,29,2148,232
,,,,,,SER-FSDU-CFT-12F,29,101,232
,,,,,,SER-FSDU-CFT-24F,29,457,232
,,,,,,SER-FSDU-CFT-48F,29,0,232
,GPE-0,DEL 1 Year Fix,DEL,,,SER-FSDU-CFT-6F,106,4266,848
,,,,,,SER-FSDU-CFT-12F,106,1383,848
,,,,,,SER-FSDU-CFT-24F,106,1388,848
,,,,,,SER-FSDU-CFT-48F,106,0,848
,GPE-1,DEL 1 Year Fix,DEL,,,SER-FSDU-CFT-6F,40,1137,320
,,,,,,SER-FSDU-CFT-12F,40,1852,320
,,,,,,SER-FSDU-CFT-24F,40,975,320
,,,,,,SER-FSDU-CFT-48F,40,0,320
,GPN-0,DEL 1 Year Fix,DEL,,,SER-FSDU-CFT-6F,32,2978,512
,,,,,,SER-FSDU-CFT-12F,32,2067,512
,,,,,,SER-FSDU-CFT-24F,32,152,512
,,,,,,SER-FSDU-CFT-48F,32,0,512
,GRZ-0,KTK 1 Year Fix,KTK,,,SER-FSDU-CFT-6F,348,3983,2808
,,,,,,SER-FSDU-CFT-12F,348,2032,2808
,,,,,,SER-FSDU-CFT-24F,348,2110,2808
,,,,,,SER-FSDU-CFT-48F,348,0,2808
,GS0-0,DEL 1 Year Fix,DEL,,,SER-FSDU-CFT-6F,0,0,0
,,,,,,SER-FSDU-CFT-12F,0,0,0
,,,,,,SER-FSDU-CFT-24F,0,380,0
,,,,,,SER-FSDU-CFT-48F,0,0,0
,GSC-0,DEL 1 Year Fix,DEL,,,SER-FSDU-CFT-6F,12,355,96
,,,,,,SER-FSDU-CFT-12F,12,316,96
,,,,,,SER-FSDU-CFT-24F,12,0,96
,,,,,,SER-FSDU-CFT-48F,12,0,96
,GSP-0,DEL 1 Year Fix,DEL,,,SER-FSDU-CFT-6F,25,386,200
,,,,,,SER-FSDU-CFT-12F,25,377,200
,,,,,,SER-FSDU-CFT-24F,25,0,200
,,,,,,SER-FSDU-CFT-48F,25,0,200
,GULC-TPT-0,KOL 1 Year Fix,KOL,,,SER-FSDU-CFT-6F,0,3033,0
,,,,,,SER-FSDU-CFT-12F,0,0,0
,,,,,,SER-FSDU-CFT-24F,0,0,0
,,,,,,SER-FSDU-CFT-48F,0,0,0
,GUV-0,DEL 1 Year Fix,DEL,,,SER-FSDU-CFT-6F,38,775,304
,,,,,,SER-FSDU-CFT-12F,38,715,304
,,,,,,SER-FSDU-CFT-24F,38,1659,304
,,,,,,SER-FSDU-CFT-48F,38,0,304
,GUY-0,DEL 1 Year Fix,DEL,,,SER-FSDU-CFT-6F,65,811,520
,,,,,,SER-FSDU-CFT-12F,65,1014,520
,,,,,,SER-FSDU-CFT-24F,65,1400,520
,,,,,,SER-FSDU-CFT-48F,65,52,520
,GV0-0,DEL 1 Year Fix,DEL,,,SER-FSDU-CFT-6F,0,0,0
,,,,,,SER-FSDU-CFT-12F,0,0,0
,,,,,,SER-FSDU-CFT-24F,0,0,0
,,,,,,SER-FSDU-CFT-48F,0,200,0
,GVM-0,KTK 1 Year Fix,KTK,,,SER-FSDU-CFT-6F,411,5951,3344
,,,,,,SER-FSDU-CFT-12F,411,1974,3344
,,,,,,SER-FSDU-CFT-24F,411,2809,3344
,,,,,,SER-FSDU-CFT-48F,411,0,3344
,GWX-0,DEL 1 Year Fix,DEL,,,SER-FSDU-CFT-6F,69,4291,1104
,,,,,,SER-FSDU-CFT-12F,69,2697,1104
,,,,,,SER-FSDU-CFT-24F,69,743,1104
,,,,,,SER-FSDU-CFT-48F,69,0,1104
,GZM-0,KTK 1 Year Fix,KTK,,,SER-FSDU-CFT-6F,235,5078,2040
,,,,,,SER-FSDU-CFT-12F,235,1364,2040
,,,,,,SER-FSDU-CFT-24F,235,2708,2040
,,,,,,SER-FSDU-CFT-48F,235,0,2040
,H2F-0,DEL 1 Year Fix,DEL,,,SER-FSDU-CFT-6F,153,2327,1224
,,,,,,SER-FSDU-CFT-12F,153,1783,1224
,,,,,,SER-FSDU-CFT-24F,153,1233,1224
,,,,,,SER-FSDU-CFT-48F,153,1332,1224
,H3D-0,DEL 1 Year Fix,DEL,,,SER-FSDU-CFT-6F,62,1021,736
,,,,,,SER-FSDU-CFT-12F,62,948,736
,,,,,,SER-FSDU-CFT-24F,62,777,736
,,,,,,SER-FSDU-CFT-48F,62,0,736
,H3F-0,DEL 1 Year Fix,DEL,,,SER-FSDU-CFT-6F,160,6989,1280
,,,,,,SER-FSDU-CFT-12F,160,1726,1280
,,,,,,SER-FSDU-CFT-24F,160,1663,1280
,,,,,,SER-FSDU-CFT-48F,160,233,1280
,H3J-0,DEL 1 Year Fix,DEL,,,SER-FSDU-CFT-6F,202,3151,1616
,,,,,,SER-FSDU-CFT-12F,202,1447,1616
,,,,,,SER-FSDU-CFT-24F,202,3338,1616
,,,,,,SER-FSDU-CFT-48F,202,0,1616
,H3N-0,DEL 1 Year Fix,DEL,,,SER-FSDU-CFT-6F,199,4411,2176
,,,,,,SER-FSDU-CFT-12F,199,3079,2176
,,,,,,SER-FSDU-CFT-24F,199,2108,2176
,,,,,,SER-FSDU-CFT-48F,199,458,2176
,H3S-0,DEL 1 Year Fix,DEL,,,SER-FSDU-CFT-6F,167,2558,1368
,,,,,,SER-FSDU-CFT-12F,167,2632,1368
,,,,,,SER-FSDU-CFT-24F,167,4036,1368
,,,,,,SER-FSDU-CFT-48F,167,2240,1368
,HA4-0,DEL 1 Year Fix,DEL,,,SER-FSDU-CFT-6F,89,1776,824
,,,,,,SER-FSDU-CFT-12F,89,1841,824
,,,,,,SER-FSDU-CFT-24F,89,3776,824
,,,,,,SER-FSDU-CFT-48F,89,0,824
,HAA-0,KTK 1 Year Fix,KTK,,,SER-FSDU-CFT-6F,27,1171,224
,,,,,,SER-FSDU-CFT-12F,27,121,224
,,,,,,SER-FSDU-CFT-24F,27,722,224
,,,,,,SER-FSDU-CFT-48F,27,0,224
,HBR-0,KTK 1 Year Fix,KTK,,,SER-FSDU-CFT-6F,375,8527,3080
,,,,,,SER-FSDU-CFT-12F,375,3242,3080
,,,,,,SER-FSDU-CFT-24F,375,5321,3080
,,,,,,SER-FSDU-CFT-48F,375,0,3080
,HD2-0,DEL 1 Year Fix,DEL,,,SER-FSDU-CFT-6F,177,1862,1600
,,,,,,SER-FSDU-CFT-12F,177,1732,1600
,,,,,,SER-FSDU-CFT-24F,177,2677,1600
,,,,,,SER-FSDU-CFT-48F,177,3283,1600
,HE2-0,DEL 1 Year Fix,DEL,,,SER-FSDU-CFT-6F,352,11972,2816
,,,,,,SER-FSDU-CFT-12F,352,4968,2816
,,,,,,SER-FSDU-CFT-24F,352,3079,2816
,,,,,,SER-FSDU-CFT-48F,352,614,2816
,HE3-0,DEL 1 Year Fix,DEL,,,SER-FSDU-CFT-6F,93,3266,1448
,,,,,,SER-FSDU-CFT-12F,93,1967,1448
,,,,,,SER-FSDU-CFT-24F,93,944,1448
,,,,,,SER-FSDU-CFT-48F,93,301,1448
,HI3-0,DEL 1 Year Fix,DEL,,,SER-FSDU-CFT-6F,44,402,352
,,,,,,SER-FSDU-CFT-12F,44,1351,352
,,,,,,SER-FSDU-CFT-24F,44,732,352
,,,,,,SER-FSDU-CFT-48F,44,0,352
,HIS-0,KTK 1 Year Fix,KTK,,,SER-FSDU-CFT-6F,226,3299,2128
,,,,,,SER-FSDU-CFT-12F,226,2323,2128
,,,,,,SER-FSDU-CFT-24F,226,1229,2128
,,,,,,SER-FSDU-CFT-48F,226,0,2128
,HK4-0,DEL 1 Year Fix,DEL,,,SER-FSDU-CFT-6F,242,3992,2352
,,,,,,SER-FSDU-CFT-12F,242,4404,2352
,,,,,,SER-FSDU-CFT-24F,242,3521,2352
,,,,,,SER-FSDU-CFT-48F,242,786,2352
,HKB-0,KTK 1 Year Fix,KTK,,,SER-FSDU-CFT-6F,352,4908,3152
,,,,,,SER-FSDU-CFT-12F,352,3979,3152
,,,,,,SER-FSDU-CFT-24F,352,5146,3152
,,,,,,SER-FSDU-CFT-48F,352,0,3152
,HM8-0,KOL 1 Year Fix,KOL,,,SER-FSDU-CFT-6F,51,2542,816
,,,,,,SER-FSDU-CFT-12F,51,1529,816
,,,,,,SER-FSDU-CFT-24F,51,486,816
,,,,,,SER-FSDU-CFT-48F,51,0,816
,HM9-0,KOL 1 Year Fix,KOL,,,SER-FSDU-CFT-6F,110,3939,1760
,,,,,,SER-FSDU-CFT-12F,110,3371,1760
,,,,,,SER-FSDU-CFT-24F,110,1092,1760
,,,,,,SER-FSDU-CFT-48F,110,0,1760
,HMM-0,KTK 1 Year Fix,KTK,,,SER-FSDU-CFT-6F,300,4999,2748
,,,,,,SER-FSDU-CFT-12F,300,1711,2748
,,,,,,SER-FSDU-CFT-24F,300,2415,2748
,,,,,,SER-FSDU-CFT-48F,300,0,2748
,HN1-0,KOL 1 Year Fix,KOL,,,SER-FSDU-CFT-6F,203,6841,3248
,,,,,,SER-FSDU-CFT-12F,203,5980,3248
,,,,,,SER-FSDU-CFT-24F,203,1528,3248
,,,,,,SER-FSDU-CFT-48F,203,0,3248
,HN5-0,KOL 1 Year Fix,KOL,,,SER-FSDU-CFT-6F,0,0,0
,,,,,,SER-FSDU-CFT-12F,0,542,0
,,,,,,SER-FSDU-CFT-24F,0,0,0
,,,,,,SER-FSDU-CFT-48F,0,0,0
,HN7-0,KOL 1 Year Fix,KOL,,,SER-FSDU-CFT-6F,10,999,160
,,,,,,SER-FSDU-CFT-12F,10,747,160
,,,,,,SER-FSDU-CFT-24F,10,1287,160
,,,,,,SER-FSDU-CFT-48F,10,0,160
,HN8-0,KOL 1 Year Fix,KOL,,,SER-FSDU-CFT-6F,0,0,0
,,,,,,SER-FSDU-CFT-12F,0,1089,0
,,,,,,SER-FSDU-CFT-24F,0,0,0
,,,,,,SER-FSDU-CFT-48F,0,0,0
,HNR-0,KTK 1 Year Fix,KTK,,,SER-FSDU-CFT-6F,170,5533,1648
,,,,,,SER-FSDU-CFT-12F,170,6593,1648
,,,,,,SER-FSDU-CFT-24F,170,3093,1648
,,,,,,SER-FSDU-CFT-48F,170,0,1648
,HRJ-0,KTK 1 Year Fix,KTK,,,SER-FSDU-CFT-6F,323,4667,2800
,,,,,,SER-FSDU-CFT-12F,323,1921,2800
,,,,,,SER-FSDU-CFT-24F,323,1815,2800
,,,,,,SER-FSDU-CFT-48F,323,0,2800
,HRR-0,KTK 1 Year Fix,KTK,,,SER-FSDU-CFT-6F,277,4320,2216
,,,,,,SER-FSDU-CFT-12F,277,1421,2216
,,,,,,SER-FSDU-CFT-24F,277,2639,2216
,,,,,,SER-FSDU-CFT-48F,277,0,2216
,HRX-0,KTK 1 Year Fix,KTK,,,SER-FSDU-CFT-6F,149,4268,1392
,,,,,,SER-FSDU-CFT-12F,149,1519,1392
,,,,,,SER-FSDU-CFT-24F,149,5100,1392
,,,,,,SER-FSDU-CFT-48F,149,0,1392
,HSR-0,KTK 1 Year Fix,KTK,,,SER-FSDU-CFT-6F,350,12820,3511
,,,,,,SER-FSDU-CFT-12F,350,4125,3511
,,,,,,SER-FSDU-CFT-24F,350,9647,3511
,,,,,,SER-FSDU-CFT-48F,350,0,3511
,HTR-0,KTK 1 Year Fix,KTK,,,SER-FSDU-CFT-6F,263,5768,2152
,,,,,,SER-FSDU-CFT-12F,263,2977,2152
,,,,,,SER-FSDU-CFT-24F,263,4063,2152
,,,,,,SER-FSDU-CFT-48F,263,0,2152
,HV0-0,DEL 1 Year Fix,DEL,,,SER-FSDU-CFT-6F,48,880,384
,,,,,,SER-FSDU-CFT-12F,48,644,384
,,,,,,SER-FSDU-CFT-24F,48,1081,384
,,,,,,SER-FSDU-CFT-48F,48,513,384
,HYS-0,KTK 1 Year Fix,KTK,,,SER-FSDU-CFT-6F,428,7692,3766
,,,,,,SER-FSDU-CFT-12F,428,6649,3766
,,,,,,SER-FSDU-CFT-24F,428,0,3766
,,,,,,SER-FSDU-CFT-48F,428,1100,3766
,IDR-0,KTK 1 Year Fix,KTK,,,SER-FSDU-CFT-6F,319,13710,3664
,,,,,,SER-FSDU-CFT-12F,319,2464,3664
,,,,,,SER-FSDU-CFT-24F,319,4209,3664
,,,,,,SER-FSDU-CFT-48F,319,0,3664
,"IPS,1WB,SHT-0",M&G 1 Year Fix,M&G,,,SER-FSDU-CFT-6F,262,0,4000
,,,,,,SER-FSDU-CFT-12F,262,9036,4000
,,,,,,SER-FSDU-CFT-24F,262,2589,4000
,,,,,,SER-FSDU-CFT-48F,262,0,4000
,IRD-0,KTK 1 Year Fix,KTK,,,SER-FSDU-CFT-6F,91,3822,744
,,,,,,SER-FSDU-CFT-12F,91,2976,744
,,,,,,SER-FSDU-CFT-24F,91,129,744
,,,,,,SER-FSDU-CFT-48F,91,0,744
,J0N-0,DEL 1 Year Fix,DEL,,,SER-FSDU-CFT-6F,238,3891,1904
,,,,,,SER-FSDU-CFT-12F,238,3703,1904
,,,,,,SER-FSDU-CFT-24F,238,4716,1904
,,,,,,SER-FSDU-CFT-48F,238,3220,1904
,J1G-0,DEL 1 Year Fix,DEL,,,SER-FSDU-CFT-6F,216,1760,1728
,,,,,,SER-FSDU-CFT-12F,216,2036,1728
,,,,,,SER-FSDU-CFT-24F,216,3353,1728
,,,,,,SER-FSDU-CFT-48F,216,1742,1728
,J1H-0,DEL 1 Year Fix,DEL,,,SER-FSDU-CFT-6F,250,2257,2000
,,,,,,SER-FSDU-CFT-12F,250,1992,2000
,,,,,,SER-FSDU-CFT-24F,250,4175,2000
,,,,,,SER-FSDU-CFT-48F,250,2313,2000
,J1X-0,DEL 1 Year Fix,DEL,,,SER-FSDU-CFT-6F,306,6527,2448
,,,,,,SER-FSDU-CFT-12F,306,6054,2448
,,,,,,SER-FSDU-CFT-24F,306,11850,2448
,,,,,,SER-FSDU-CFT-48F,306,4012,2448
,J2E-0,DEL 1 Year Fix,DEL,,,SER-FSDU-CFT-6F,314,5704,2512
,,,,,,SER-FSDU-CFT-12F,314,4676,2512
,,,,,,SER-FSDU-CFT-24F,314,3668,2512
,,,,,,SER-FSDU-CFT-48F,314,2192,2512
,J3C-0,DEL 1 Year Fix,DEL,,,SER-FSDU-CFT-6F,216,6464,3432
,,,,,,SER-FSDU-CFT-12F,216,3920,3432
,,,,,,SER-FSDU-CFT-24F,216,1050,3432
,,,,,,SER-FSDU-CFT-48F,216,516,3432
,J3D-0,DEL 1 Year Fix,DEL,,,SER-FSDU-CFT-6F,362,6222,2896
,,,,,,SER-FSDU-CFT-12F,362,2447,2896
,,,,,,SER-FSDU-CFT-24F,362,1169,2896
,,,,,,SER-FSDU-CFT-48F,362,1917,2896
,J3J-0,DEL 1 Year Fix,DEL,,,SER-FSDU-CFT-6F,362,10279,3976
,,,,,,SER-FSDU-CFT-12F,362,5002,3976
,,,,,,SER-FSDU-CFT-24F,362,3315,3976
,,,,,,SER-FSDU-CFT-48F,362,1409,3976
,J3N-0,DEL 1 Year Fix,DEL,,,SER-FSDU-CFT-6F,74,1130,672
,,,,,,SER-FSDU-CFT-12F,74,1142,672
,,,,,,SER-FSDU-CFT-24F,74,1751,672
,,,,,,SER-FSDU-CFT-48F,74,888,672
,J3R-0,DEL 1 Year Fix,DEL,,,SER-FSDU-CFT-6F,353,3308,2824
,,,,,,SER-FSDU-CFT-12F,353,3729,2824
,,,,,,SER-FSDU-CFT-24F,353,6555,2824
,,,,,,SER-FSDU-CFT-48F,353,3346,2824
,J4U-0,DEL 1 Year Fix,DEL,,,SER-FSDU-CFT-6F,210,1707,1680
,,,,,,SER-FSDU-CFT-12F,210,1980,1680
,,,,,,SER-FSDU-CFT-24F,210,2656,1680
,,,,,,SER-FSDU-CFT-48F,210,1191,1680
,JBN-0,KTK 1 Year Fix,KTK,,,SER-FSDU-CFT-6F,71,1220,656
,,,,,,SER-FSDU-CFT-12F,71,505,656
,,,,,,SER-FSDU-CFT-24F,71,1163,656
,,,,,,SER-FSDU-CFT-48F,71,0,656
,JBV-0,KTK 1 Year Fix,KTK,,,SER-FSDU-CFT-6F,105,3590,840
,,,,,,SER-FSDU-CFT-12F,105,1894,840
,,,,,,SER-FSDU-CFT-24F,105,1289,840
,,,,,,SER-FSDU-CFT-48F,105,1456,840
,JBW-0,KTK 1 Year Fix,KTK,,,SER-FSDU-CFT-6F,140,4220,1128
,,,,,,SER-FSDU-CFT-12F,140,1507,1128
,,,,,,SER-FSDU-CFT-24F,140,1020,1128
,,,,,,SER-FSDU-CFT-48F,140,0,1128
,JC3-0,KOL 1 Year Fix,KOL,,,SER-FSDU-CFT-6F,85,3691,1360
,,,,,,SER-FSDU-CFT-12F,85,1935,1360
,,,,,,SER-FSDU-CFT-24F,85,660,1360
,,,,,,SER-FSDU-CFT-48F,85,0,1360
,JGP-0,KTK 1 Year Fix,KTK,,,SER-FSDU-CFT-6F,167,4081,1568
,,,,,,SER-FSDU-CFT-12F,167,996,1568
,,,,,,SER-FSDU-CFT-24F,167,2581,1568
,,,,,,SER-FSDU-CFT-48F,167,0,1568
,JL3-0,DEL 1 Year Fix,DEL,,,SER-FSDU-CFT-6F,99,3496,856
,,,,,,SER-FSDU-CFT-12F,99,3419,856
,,,,,,SER-FSDU-CFT-24F,99,2392,856
,,,,,,SER-FSDU-CFT-48F,99,102,856
,JQ9-0,KOL 1 Year Fix,KOL,,,SER-FSDU-CFT-6F,129,2711,2064
,,,,,,SER-FSDU-CFT-12F,129,1965,2064
,,,,,,SER-FSDU-CFT-24F,129,185,2064
,,,,,,SER-FSDU-CFT-48F,129,1687,2064
,JRN-0,KTK 1 Year Fix,KTK,,,SER-FSDU-CFT-6F,649,3647,5472
,,,,,,SER-FSDU-CFT-12F,649,2791,5472
,,,,,,SER-FSDU-CFT-24F,649,2631,5472
,,,,,,SER-FSDU-CFT-48F,649,0,5472
,JRO-0,KTK 1 Year Fix,KTK,,,SER-FSDU-CFT-6F,492,10152,4505
,,,,,,SER-FSDU-CFT-12F,492,3104,4505
,,,,,,SER-FSDU-CFT-24F,492,4411,4505
,,,,,,SER-FSDU-CFT-48F,492,0,4505
,JS7-0,KOL 1 Year Fix,KOL,,,SER-FSDU-CFT-6F,0,0,0
,,,,,,SER-FSDU-CFT-12F,0,642,0
,,,,,,SER-FSDU-CFT-24F,0,0,0
,,,,,,SER-FSDU-CFT-48F,0,0,0
,JUP-0,KTK 1 Year Fix,KTK,,,SER-FSDU-CFT-6F,235,6044,2064
,,,,,,SER-FSDU-CFT-12F,235,2671,2064
,,,,,,SER-FSDU-CFT-24F,235,3690,2064
,,,,,,SER-FSDU-CFT-48F,235,0,2064
,JX0-0,KOL 1 Year Fix,KOL,,,SER-FSDU-CFT-6F,0,0,0
,,,,,,SER-FSDU-CFT-12F,0,185,0
,,,,,,SER-FSDU-CFT-24F,0,502,0
,,,,,,SER-FSDU-CFT-48F,0,0,0
,JY0-0,KOL 1 Year Fix,KOL,,,SER-FSDU-CFT-6F,161,6007,2576
,,,,,,SER-FSDU-CFT-12F,161,3659,2576
,,,,,,SER-FSDU-CFT-24F,161,1171,2576
,,,,,,SER-FSDU-CFT-48F,161,0,2576
,JY1-0,KOL 1 Year Fix,KOL,,,SER-FSDU-CFT-6F,120,5085,1920
,,,,,,SER-FSDU-CFT-12F,120,3112,1920
,,,,,,SER-FSDU-CFT-24F,120,1015,1920
,,,,,,SER-FSDU-CFT-48F,120,0,1920
,JY3-0,KOL 1 Year Fix,KOL,,,SER-FSDU-CFT-6F,105,3713,1680
,,,,,,SER-FSDU-CFT-12F,105,2276,1680
,,,,,,SER-FSDU-CFT-24F,105,302,1680
,,,,,,SER-FSDU-CFT-48F,105,0,1680
,JY4-0,KOL 1 Year Fix,KOL,,,SER-FSDU-CFT-6F,156,9072,2496
,,,,,,SER-FSDU-CFT-12F,156,4727,2496
,,,,,,SER-FSDU-CFT-24F,156,2028,2496
,,,,,,SER-FSDU-CFT-48F,156,0,2496
,JY5-0,KOL 1 Year Fix,KOL,,,SER-FSDU-CFT-6F,187,8812,2992
,,,,,,SER-FSDU-CFT-12F,187,5635,2992
,,,,,,SER-FSDU-CFT-24F,187,2209,2992
,,,,,,SER-FSDU-CFT-48F,187,0,2992
,JY6-0,KOL 1 Year Fix,KOL,,,SER-FSDU-CFT-6F,129,7172,2064
,,,,,,SER-FSDU-CFT-12F,129,4891,2064
,,,,,,SER-FSDU-CFT-24F,129,2580,2064
,,,,,,SER-FSDU-CFT-48F,129,0,2064
,JYU-0,KTK 1 Year Fix,KTK,,,SER-FSDU-CFT-6F,85,2794,922
,,,,,,SER-FSDU-CFT-12F,85,1008,922
,,,,,,SER-FSDU-CFT-24F,85,1549,922
,,,,,,SER-FSDU-CFT-48F,85,0,922
,K04-0,KOL 1 Year Fix,KOL,,,SER-FSDU-CFT-6F,204,6447,3264
,,,,,,SER-FSDU-CFT-12F,204,5878,3264
,,,,,,SER-FSDU-CFT-24F,204,2529,3264
,,,,,,SER-FSDU-CFT-48F,204,0,3264
,K0D-0,KOL 1 Year Fix,KOL,,,SER-FSDU-CFT-6F,180,2244,2880
,,,,,,SER-FSDU-CFT-12F,180,2380,2880
,,,,,,SER-FSDU-CFT-24F,180,638,2880
,,,,,,SER-FSDU-CFT-48F,180,556,2880
,K0E-0,M&G 1 Year Fix,M&G,,,SER-FSDU-CFT-6F,168,0,2508
,,,,,,SER-FSDU-CFT-12F,168,15235,2508
,,,,,,SER-FSDU-CFT-24F,168,6332,2508
,,,,,,SER-FSDU-CFT-48F,168,0,2508
,K0F-0,KOL 1 Year Fix,KOL,,,SER-FSDU-CFT-6F,0,0,0
,,,,,,SER-FSDU-CFT-12F,0,1531,0
,,,,,,SER-FSDU-CFT-24F,0,0,0
,,,,,,SER-FSDU-CFT-48F,0,0,0
,K0S-0,DEL 1 Year Fix,DEL,,,SER-FSDU-CFT-6F,85,1087,680
,,,,,,SER-FSDU-CFT-12F,85,1296,680
,,,,,,SER-FSDU-CFT-24F,85,1976,680
,,,,,,SER-FSDU-CFT-48F,85,833,680
,K1I-0,DEL 1 Year Fix,DEL,,,SER-FSDU-CFT-6F,77,1089,1000
,,,,,,SER-FSDU-CFT-12F,77,870,1000
,,,,,,SER-FSDU-CFT-24F,77,1656,1000
,,,,,,SER-FSDU-CFT-48F,77,426,1000
,K1Q-0,DEL 1 Year Fix,DEL,,,SER-FSDU-CFT-6F,73,1455,616
,,,,,,SER-FSDU-CFT-12F,73,1817,616
,,,,,,SER-FSDU-CFT-24F,73,1141,616
,,,,,,SER-FSDU-CFT-48F,73,807,616
,K30-0,KOL 1 Year Fix,KOL,,,SER-FSDU-CFT-6F,164,5768,2624
,,,,,,SER-FSDU-CFT-12F,164,3525,2624
,,,,,,SER-FSDU-CFT-24F,164,1122,2624
,,,,,,SER-FSDU-CFT-48F,164,0,2624
,K37-0,KOL 1 Year Fix,KOL,,,SER-FSDU-CFT-6F,97,3166,1552
,,,,,,SER-FSDU-CFT-12F,97,1454,1552
,,,,,,SER-FSDU-CFT-24F,97,87,1552
,,,,,,SER-FSDU-CFT-48F,97,0,1552
,K38-0,KOL 1 Year Fix,KOL,,,SER-FSDU-CFT-6F,97,1873,1552
,,,,,,SER-FSDU-CFT-12F,97,1146,1552
,,,,,,SER-FSDU-CFT-24F,97,376,1552
,,,,,,SER-FSDU-CFT-48F,97,0,1552
,K47-0,KOL 1 Year Fix,KOL,,,SER-FSDU-CFT-6F,166,6821,2656
,,,,,,SER-FSDU-CFT-12F,166,4256,2656
,,,,,,SER-FSDU-CFT-24F,166,566,2656
,,,,,,SER-FSDU-CFT-48F,166,0,2656
,K49-0,KOL 1 Year Fix,KOL,,,SER-FSDU-CFT-6F,161,3582,2576
,,,,,,SER-FSDU-CFT-12F,161,1721,2576
,,,,,,SER-FSDU-CFT-24F,161,512,2576
,,,,,,SER-FSDU-CFT-48F,161,0,2576
,K4N-0,DEL 1 Year Fix,DEL,,,SER-FSDU-CFT-6F,200,2482,1600
,,,,,,SER-FSDU-CFT-12F,200,1965,1600
,,,,,,SER-FSDU-CFT-24F,200,3616,1600
,,,,,,SER-FSDU-CFT-48F,200,2637,1600
,K4S-0,DEL 1 Year Fix,DEL,,,SER-FSDU-CFT-6F,252,4905,2016
,,,,,,SER-FSDU-CFT-12F,252,2304,2016
,,,,,,SER-FSDU-CFT-24F,252,3856,2016
,,,,,,SER-FSDU-CFT-48F,252,1112,2016
,K79-0,KOL 1 Year Fix,KOL,,,SER-FSDU-CFT-6F,170,1116,2720
,,,,,,SER-FSDU-CFT-12F,170,1007,2720
,,,,,,SER-FSDU-CFT-24F,170,0,2720
,,,,,,SER-FSDU-CFT-48F,170,2328,2720
,KA2-0,DEL 1 Year Fix,DEL,,,SER-FSDU-CFT-6F,202,6000,1952
,,,,,,SER-FSDU-CFT-12F,202,2547,1952
,,,,,,SER-FSDU-CFT-24F,202,1466,1952
,,,,,,SER-FSDU-CFT-48F,202,0,1952
,KAP-0,KOL 1 Year Fix,KOL,,,SER-FSDU-CFT-6F,0,0,0
,,,,,,SER-FSDU-CFT-12F,0,759,0
,,,,,,SER-FSDU-CFT-24F,0,657,0
,,,,,,SER-FSDU-CFT-48F,0,0,0
,KHR-0,KTK 1 Year Fix,KTK,,,SER-FSDU-CFT-6F,363,6860,3064
,,,,,,SER-FSDU-CFT-12F,363,1821,3064
,,,,,,SER-FSDU-CFT-24F,363,5696,3064
,,,,,,SER-FSDU-CFT-48F,363,0,3064
,KIA-0,KOL 1 Year Fix,KOL,,,SER-FSDU-CFT-6F,25,3628,400
,,,,,,SER-FSDU-CFT-12F,25,525,400
,,,,,,SER-FSDU-CFT-24F,25,0,400
,,,,,,SER-FSDU-CFT-48F,25,0,400
,KK4-0,DEL 1 Year Fix,DEL,,,SER-FSDU-CFT-6F,128,2096,1024
,,,,,,SER-FSDU-CFT-12F,128,1985,1024
,,,,,,SER-FSDU-CFT-24F,128,2666,1024
,,,,,,SER-FSDU-CFT-48F,128,3300,1024
,KKR-0,KTK 1 Year Fix,KTK,,,SER-FSDU-CFT-6F,292,3469,2480
,,,,,,SER-FSDU-CFT-12F,292,1614,2480
,,,,,,SER-FSDU-CFT-24F,292,2502,2480
,,,,,,SER-FSDU-CFT-48F,292,0,2480
,KLT-0,KTK 1 Year Fix,KTK,,,SER-FSDU-CFT-6F,311,6959,2948
,,,,,,SER-FSDU-CFT-12F,311,3053,2948
,,,,,,SER-FSDU-CFT-24F,311,5606,2948
,,,,,,SER-FSDU-CFT-48F,311,0,2948
,KLU-0,KTK 1 Year Fix,KTK,,,SER-FSDU-CFT-6F,191,5869,1576
,,,,,,SER-FSDU-CFT-12F,191,1473,1576
,,,,,,SER-FSDU-CFT-24F,191,2820,1576
,,,,,,SER-FSDU-CFT-48F,191,0,1576
,KN0-0,DEL 1 Year Fix,DEL,,,SER-FSDU-CFT-6F,84,1118,1000
,,,,,,SER-FSDU-CFT-12F,84,1036,1000
,,,,,,SER-FSDU-CFT-24F,84,40,1000
,,,,,,SER-FSDU-CFT-48F,84,908,1000
,KPA-0,KOL 1 Year Fix,KOL,,,SER-FSDU-CFT-6F,132,7116,2112
,,,,,,SER-FSDU-CFT-12F,132,4456,2112
,,,,,,SER-FSDU-CFT-24F,132,964,2112
,,,,,,SER-FSDU-CFT-48F,132,0,2112
,KPN-0,KOL 1 Year Fix,KOL,,,SER-FSDU-CFT-6F,227,3951,3632
,,,,,,SER-FSDU-CFT-12F,227,1979,3632
,,,,,,SER-FSDU-CFT-24F,227,991,3632
,,,,,,SER-FSDU-CFT-48F,227,0,3632
,KPT-0,KOL 1 Year Fix,KOL,,,SER-FSDU-CFT-6F,212,6961,3392
,,,,,,SER-FSDU-CFT-12F,212,3848,3392
,,,,,,SER-FSDU-CFT-24F,212,807,3392
,,,,,,SER-FSDU-CFT-48F,212,0,3392
,KR8-0,KTK 1 Year Fix,KTK,,,SER-FSDU-CFT-6F,173,2435,1448
,,,,,,SER-FSDU-CFT-12F,173,2115,1448
,,,,,,SER-FSDU-CFT-24F,173,2240,1448
,,,,,,SER-FSDU-CFT-48F,173,1756,1448
,KRC-0,KOL 1 Year Fix,KOL,,,SER-FSDU-CFT-6F,162,7709,2592
,,,,,,SER-FSDU-CFT-12F,162,5206,2592
,,,,,,SER-FSDU-CFT-24F,162,827,2592
,,,,,,SER-FSDU-CFT-48F,162,172,2592
,KRL-0,KTK 1 Year Fix,KTK,,,SER-FSDU-CFT-6F,298,4118,3028
,,,,,,SER-FSDU-CFT-12F,298,3110,3028
,,,,,,SER-FSDU-CFT-24F,298,1817,3028
,,,,,,SER-FSDU-CFT-48F,298,0,3028
,KRX-0,KTK 1 Year Fix,KTK,,,SER-FSDU-CFT-6F,142,4034,1280
,,,,,,SER-FSDU-CFT-12F,142,1408,1280
,,,,,,SER-FSDU-CFT-24F,142,3725,1280
,,,,,,SER-FSDU-CFT-48F,142,0,1280
,KSL-0,KTK 1 Year Fix,KTK,,,SER-FSDU-CFT-6F,216,3954,1848
,,,,,,SER-FSDU-CFT-12F,216,4582,1848
,,,,,,SER-FSDU-CFT-24F,216,3070,1848
,,,,,,SER-FSDU-CFT-48F,216,0,1848
,KUD-0,KTK 1 Year Fix,KTK,,,SER-FSDU-CFT-6F,81,617,686
,,,,,,SER-FSDU-CFT-12F,81,585,686
,,,,,,SER-FSDU-CFT-24F,81,1980,686
,,,,,,SER-FSDU-CFT-48F,81,0,686
,KUN-0,KOL 1 Year Fix,KOL,,,SER-FSDU-CFT-6F,71,4492,1136
,,,,,,SER-FSDU-CFT-12F,71,2439,1136
,,,,,,SER-FSDU-CFT-24F,71,998,1136
,,,,,,SER-FSDU-CFT-48F,71,0,1136
,KV2-0,DEL 1 Year Fix,DEL,,,SER-FSDU-CFT-6F,274,8596,2760
,,,,,,SER-FSDU-CFT-12F,274,3097,2760
,,,,,,SER-FSDU-CFT-24F,274,2172,2760
,,,,,,SER-FSDU-CFT-48F,274,404,2760
,KW6-0,KOL 1 Year Fix,KOL,,,SER-FSDU-CFT-6F,98,4327,1552
,,,,,,SER-FSDU-CFT-12F,98,2533,1552
,,,,,,SER-FSDU-CFT-24F,98,729,1552
,,,,,,SER-FSDU-CFT-48F,98,0,1552
,KXW-0,DEL 1 Year Fix,DEL,,,SER-FSDU-CFT-6F,237,5543,1896
,,,,,,SER-FSDU-CFT-12F,237,5000,1896
,,,,,,SER-FSDU-CFT-24F,237,3584,1896
,,,,,,SER-FSDU-CFT-48F,237,475,1896
,KY1-0,KOL 1 Year Fix,KOL,,,SER-FSDU-CFT-6F,82,749,1312
,,,,,,SER-FSDU-CFT-12F,82,1191,1312
,,,,,,SER-FSDU-CFT-24F,82,301,1312
,,,,,,SER-FSDU-CFT-48F,82,245,1312
,KY5-0,KOL 1 Year Fix,KOL,,,SER-FSDU-CFT-6F,0,0,0
,,,,,,SER-FSDU-CFT-12F,0,789,0
,,,,,,SER-FSDU-CFT-24F,0,0,0
,,,,,,SER-FSDU-CFT-48F,0,0,0
,KZC-0,DEL 1 Year Fix,DEL,,,SER-FSDU-CFT-6F,87,1425,1424
,,,,,,SER-FSDU-CFT-12F,87,1104,1424
,,,,,,SER-FSDU-CFT-24F,87,766,1424
,,,,,,SER-FSDU-CFT-48F,87,905,1424
,LB4-0,DEL 1 Year Fix,DEL,,,SER-FSDU-CFT-6F,148,2410,1184
,,,,,,SER-FSDU-CFT-12F,148,2574,1184
,,,,,,SER-FSDU-CFT-24F,148,3340,1184
,,,,,,SER-FSDU-CFT-48F,148,2145,1184
,LGD-0,KTK 1 Year Fix,KTK,,,SER-FSDU-CFT-6F,149,4677,1648
,,,,,,SER-FSDU-CFT-12F,149,1290,1648
,,,,,,SER-FSDU-CFT-24F,149,2816,1648
,,,,,,SER-FSDU-CFT-48F,149,0,1648
,LGJ-0,KTK 1 Year Fix,KTK,,,SER-FSDU-CFT-6F,308,2958,2512
,,,,,,SER-FSDU-CFT-12F,308,1398,2512
,,,,,,SER-FSDU-CFT-24F,308,2214,2512
,,,,,,SER-FSDU-CFT-48F,308,0,2512
,LKZ-0,KTK 1 Year Fix,KTK,,,SER-FSDU-CFT-6F,37,1470,408
,,,,,,SER-FSDU-CFT-12F,37,679,408
,,,,,,SER-FSDU-CFT-24F,37,1021,408
,,,,,,SER-FSDU-CFT-48F,37,0,408
,LYR-0,KTK 1 Year Fix,KTK,,,SER-FSDU-CFT-6F,370,7224,2968
,,,,,,SER-FSDU-CFT-12F,370,4528,2968
,,,,,,SER-FSDU-CFT-24F,370,4020,2968
,,,,,,SER-FSDU-CFT-48F,370,0,2968
,M0G-0,DEL 1 Year Fix,DEL,,,SER-FSDU-CFT-6F,84,1791,1024
,,,,,,SER-FSDU-CFT-12F,84,2141,1024
,,,,,,SER-FSDU-CFT-24F,84,801,1024
,,,,,,SER-FSDU-CFT-48F,84,617,1024
,M0H-0,DEL 1 Year Fix,DEL,,,SER-FSDU-CFT-6F,207,1990,1656
,,,,,,SER-FSDU-CFT-12F,207,2880,1656
,,,,,,SER-FSDU-CFT-24F,207,4605,1656
,,,,,,SER-FSDU-CFT-48F,207,1168,1656
,M0N-0,DEL 1 Year Fix,DEL,,,SER-FSDU-CFT-6F,141,2106,1208
,,,,,,SER-FSDU-CFT-12F,141,2443,1208
,,,,,,SER-FSDU-CFT-24F,141,2906,1208
,,,,,,SER-FSDU-CFT-48F,141,1316,1208
,M0R-0,DEL 1 Year Fix,DEL,,,SER-FSDU-CFT-6F,125,2079,1000
,,,,,,SER-FSDU-CFT-12F,125,1860,1000
,,,,,,SER-FSDU-CFT-24F,125,2746,1000
,,,,,,SER-FSDU-CFT-48F,125,896,1000
,M0T-0,M&G 1 Year Fix,M&G,,,SER-FSDU-CFT-6F,49,0,824
,,,,,,SER-FSDU-CFT-12F,49,6743,824
,,,,,,SER-FSDU-CFT-24F,49,0,824
,,,,,,SER-FSDU-CFT-48F,49,0,824
,M1G-0,DEL 1 Year Fix,DEL,,,SER-FSDU-CFT-6F,150,1394,1200
,,,,,,SER-FSDU-CFT-12F,150,1753,1200
,,,,,,SER-FSDU-CFT-24F,150,2346,1200
,,,,,,SER-FSDU-CFT-48F,150,1992,1200
,M1U-0,DEL 1 Year Fix,DEL,,,SER-FSDU-CFT-6F,228,1422,1824
,,,,,,SER-FSDU-CFT-12F,228,2505,1824
,,,,,,SER-FSDU-CFT-24F,228,1236,1824
,,,,,,SER-FSDU-CFT-48F,228,208,1824
,M2P-0,DEL 1 Year Fix,DEL,,,SER-FSDU-CFT-6F,90,1957,720
,,,,,,SER-FSDU-CFT-12F,90,2387,720
,,,,,,SER-FSDU-CFT-24F,90,1858,720
,,,,,,SER-FSDU-CFT-48F,90,0,720
,MB2-0,DEL 1 Year Fix,DEL,,,SER-FSDU-CFT-6F,33,1504,280
,,,,,,SER-FSDU-CFT-12F,33,407,280
,,,,,,SER-FSDU-CFT-24F,33,469,280
,,,,,,SER-FSDU-CFT-48F,33,0,280
,MBN-0,KTK 1 Year Fix,KTK,,,SER-FSDU-CFT-6F,202,3392,1632
,,,,,,SER-FSDU-CFT-12F,202,1855,1632
,,,,,,SER-FSDU-CFT-24F,202,2877,1632
,,,,,,SER-FSDU-CFT-48F,202,122,1632
,MDR-0,KTK 1 Year Fix,KTK,,,SER-FSDU-CFT-6F,256,2528,2992
,,,,,,SER-FSDU-CFT-12F,256,1376,2992
,,,,,,SER-FSDU-CFT-24F,256,1563,2992
,,,,,,SER-FSDU-CFT-48F,256,0,2992
,MES-0,KTK 1 Year Fix,KTK,,,SER-FSDU-CFT-6F,143,3045,1176
,,,,,,SER-FSDU-CFT-12F,143,742,1176
,,,,,,SER-FSDU-CFT-24F,143,1917,1176
,,,,,,SER-FSDU-CFT-48F,143,0,1176
,MGS-0,KTK 1 Year Fix,KTK,,,SER-FSDU-CFT-6F,130,4758,1040
,,,,,,SER-FSDU-CFT-12F,130,1246,1040
,,,,,,SER-FSDU-CFT-24F,130,2188,1040
,,,,,,SER-FSDU-CFT-48F,130,0,1040
,MHK-0,KTK 1 Year Fix,KTK,,,SER-FSDU-CFT-6F,99,2242,792
,,,,,,SER-FSDU-CFT-12F,99,2003,792
,,,,,,SER-FSDU-CFT-24F,99,403,792
,,,,,,SER-FSDU-CFT-48F,99,0,792
,MIT-0,KTK 1 Year Fix,KTK,,,SER-FSDU-CFT-6F,55,2430,472
,,,,,,SER-FSDU-CFT-12F,55,846,472
,,,,,,SER-FSDU-CFT-24F,55,706,472
,,,,,,SER-FSDU-CFT-48F,55,0,472
,MKC-0,KTK 1 Year Fix,KTK,,,SER-FSDU-CFT-6F,201,7741,2731
,,,,,,SER-FSDU-CFT-12F,201,2723,2731
,,,,,,SER-FSDU-CFT-24F,201,3563,2731
,,,,,,SER-FSDU-CFT-48F,201,0,2731
,MLE-0,KTK 1 Year Fix,KTK,,,SER-FSDU-CFT-6F,139,2395,1152
,,,,,,SER-FSDU-CFT-12F,139,1281,1152
,,,,,,SER-FSDU-CFT-24F,139,1964,1152
,,,,,,SER-FSDU-CFT-48F,139,1051,1152
,MLT-0,KTK 1 Year Fix,KTK,,,SER-FSDU-CFT-6F,179,5149,1560
,,,,,,SER-FSDU-CFT-12F,179,1459,1560
,,,,,,SER-FSDU-CFT-24F,179,2414,1560
,,,,,,SER-FSDU-CFT-48F,179,0,1560
,MN0-0,DEL 1 Year Fix,DEL,,,SER-FSDU-CFT-6F,116,1343,928
,,,,,,SER-FSDU-CFT-12F,116,1154,928
,,,,,,SER-FSDU-CFT-24F,116,3166,928
,,,,,,SER-FSDU-CFT-48F,116,786,928
,MNL-0,KTK 1 Year Fix,KTK,,,SER-FSDU-CFT-6F,78,2869,672
,,,,,,SER-FSDU-CFT-12F,78,655,672
,,,,,,SER-FSDU-CFT-24F,78,1264,672
,,,,,,SER-FSDU-CFT-48F,78,0,672
,MRH-0,KTK 1 Year Fix,KTK,,,SER-FSDU-CFT-6F,215,2947,1826
,,,,,,SER-FSDU-CFT-12F,215,1595,1826
,,,,,,SER-FSDU-CFT-24F,215,2619,1826
,,,,,,SER-FSDU-CFT-48F,215,0,1826
,MRU-0,KTK 1 Year Fix,KTK,,,SER-FSDU-CFT-6F,100,1927,800
,,,,,,SER-FSDU-CFT-12F,100,2628,800
,,,,,,SER-FSDU-CFT-24F,100,571,800
,,,,,,SER-FSDU-CFT-48F,100,0,800
,MSC-0,KTK 1 Year Fix,KTK,,,SER-FSDU-CFT-6F,6,0,48
,,,,,,SER-FSDU-CFT-12F,6,723,48
,,,,,,SER-FSDU-CFT-24F,6,0,48
,,,,,,SER-FSDU-CFT-48F,6,0,48
,MSM-0,KTK 1 Year Fix,KTK,,,SER-FSDU-CFT-6F,237,4528,1912
,,,,,,SER-FSDU-CFT-12F,237,1453,1912
,,,,,,SER-FSDU-CFT-24F,237,2585,1912
,,,,,,SER-FSDU-CFT-48F,237,0,1912
,MVA-0,KTK 1 Year Fix,KTK,,,SER-FSDU-CFT-6F,268,4745,2736
,,,,,,SER-FSDU-CFT-12F,268,3967,2736
,,,,,,SER-FSDU-CFT-24F,268,3897,2736
,,,,,,SER-FSDU-CFT-48F,268,0,2736
,MWP-0,KTK 1 Year Fix,KTK,,,SER-FSDU-CFT-6F,171,4266,1448
,,,,,,SER-FSDU-CFT-12F,171,1092,1448
,,,,,,SER-FSDU-CFT-24F,171,1256,1448
,,,,,,SER-FSDU-CFT-48F,171,0,1448
,N2P-0,DEL 1 Year Fix,DEL,,,SER-FSDU-CFT-6F,307,4360,2472
,,,,,,SER-FSDU-CFT-12F,307,1489,2472
,,,,,,SER-FSDU-CFT-24F,307,870,2472
,,,,,,SER-FSDU-CFT-48F,307,1497,2472
,N2X-0,DEL 1 Year Fix,DEL,,,SER-FSDU-CFT-6F,60,1006,480
,,,,,,SER-FSDU-CFT-12F,60,1422,480
,,,,,,SER-FSDU-CFT-24F,60,1324,480
,,,,,,SER-FSDU-CFT-48F,60,0,480
,N3T-0,DEL 1 Year Fix,DEL,,,SER-FSDU-CFT-6F,229,3222,1840
,,,,,,SER-FSDU-CFT-12F,229,2261,1840
,,,,,,SER-FSDU-CFT-24F,229,4429,1840
,,,,,,SER-FSDU-CFT-48F,229,2466,1840
,NAR-0,KTK 1 Year Fix,KTK,,,SER-FSDU-CFT-6F,347,7294,2776
,,,,,,SER-FSDU-CFT-12F,347,5298,2776
,,,,,,SER-FSDU-CFT-24F,347,4474,2776
,,,,,,SER-FSDU-CFT-48F,347,0,2776
,NBP-0,KTK 1 Year Fix,KTK,,,SER-FSDU-CFT-6F,243,3458,3232
,,,,,,SER-FSDU-CFT-12F,243,2053,3232
,,,,,,SER-FSDU-CFT-24F,243,2018,3232
,,,,,,SER-FSDU-CFT-48F,243,0,3232
,NCH-0,KTK 1 Year Fix,KTK,,,SER-FSDU-CFT-6F,232,8508,2192
,,,,,,SER-FSDU-CFT-12F,232,2557,2192
,,,,,,SER-FSDU-CFT-24F,232,707,2192
,,,,,,SER-FSDU-CFT-48F,232,2061,2192
,NDZ-0,KTK 1 Year Fix,KTK,,,SER-FSDU-CFT-6F,98,2459,808
,,,,,,SER-FSDU-CFT-12F,98,1555,808
,,,,,,SER-FSDU-CFT-24F,98,1034,808
,,,,,,SER-FSDU-CFT-48F,98,848,808
,NGR-0,KTK 1 Year Fix,KTK,,,SER-FSDU-CFT-6F,140,4955,1476
,,,,,,SER-FSDU-CFT-12F,140,2342,1476
,,,,,,SER-FSDU-CFT-24F,140,3998,1476
,,,,,,SER-FSDU-CFT-48F,140,0,1476
,NGX-0,KTK 1 Year Fix,KTK,,,SER-FSDU-CFT-6F,261,4029,2144
,,,,,,SER-FSDU-CFT-12F,261,1056,2144
,,,,,,SER-FSDU-CFT-24F,261,2155,2144
,,,,,,SER-FSDU-CFT-48F,261,0,2144
,NH0-0,DEL 1 Year Fix,DEL,,,SER-FSDU-CFT-6F,64,837,512
,,,,,,SER-FSDU-CFT-12F,64,1001,512
,,,,,,SER-FSDU-CFT-24F,64,1686,512
,,,,,,SER-FSDU-CFT-48F,64,633,512
,NJC-0,KTK 1 Year Fix,KTK,,,SER-FSDU-CFT-6F,239,1962,2000
,,,,,,SER-FSDU-CFT-12F,239,1777,2000
,,,,,,SER-FSDU-CFT-24F,239,1410,2000
,,,,,,SER-FSDU-CFT-48F,239,0,2000
,NMR-0,KTK 1 Year Fix,KTK,,,SER-FSDU-CFT-6F,394,6485,3208
,,,,,,SER-FSDU-CFT-12F,394,4141,3208
,,,,,,SER-FSDU-CFT-24F,394,3623,3208
,,,,,,SER-FSDU-CFT-48F,394,0,3208
,NNB-0,KTK 1 Year Fix,KTK,,,SER-FSDU-CFT-6F,229,2401,2240
,,,,,,SER-FSDU-CFT-12F,229,1387,2240
,,,,,,SER-FSDU-CFT-24F,229,65,2240
,,,,,,SER-FSDU-CFT-48F,229,0,2240
,NNG-0,KTK 1 Year Fix,KTK,,,SER-FSDU-CFT-6F,107,3012,1056
,,,,,,SER-FSDU-CFT-12F,107,514,1056
,,,,,,SER-FSDU-CFT-24F,107,1171,1056
,,,,,,SER-FSDU-CFT-48F,107,0,1056
,NNJ-0,KTK 1 Year Fix,KTK,,,SER-FSDU-CFT-6F,286,6569,2320
,,,,,,SER-FSDU-CFT-12F,286,1078,2320
,,,,,,SER-FSDU-CFT-24F,286,2404,2320
,,,,,,SER-FSDU-CFT-48F,286,0,2320
,NP4-0,DEL 1 Year Fix,DEL,,,SER-FSDU-CFT-6F,267,3455,2136
,,,,,,SER-FSDU-CFT-12F,267,3361,2136
,,,,,,SER-FSDU-CFT-24F,267,5796,2136
,,,,,,SER-FSDU-CFT-48F,267,4275,2136
,NR0-0,DEL 1 Year Fix,DEL,,,SER-FSDU-CFT-6F,142,2846,1136
,,,,,,SER-FSDU-CFT-12F,142,2081,1136
,,,,,,SER-FSDU-CFT-24F,142,3331,1136
,,,,,,SER-FSDU-CFT-48F,142,1623,1136
,NR9-0,KTK 1 Year Fix,KTK,,,SER-FSDU-CFT-6F,250,3990,2136
,,,,,,SER-FSDU-CFT-12F,250,1852,2136
,,,,,,SER-FSDU-CFT-24F,250,2161,2136
,,,,,,SER-FSDU-CFT-48F,250,1810,2136
,NRL-0,KTK 1 Year Fix,KTK,,,SER-FSDU-CFT-6F,331,3087,2736
,,,,,,SER-FSDU-CFT-12F,331,1650,2736
,,,,,,SER-FSDU-CFT-24F,331,1003,2736
,,,,,,SER-FSDU-CFT-48F,331,1280,2736
,NS0-0,DEL 1 Year Fix,DEL,,,SER-FSDU-CFT-6F,190,2849,1632
,,,,,,SER-FSDU-CFT-12F,190,2847,1632
,,,,,,SER-FSDU-CFT-24F,190,5332,1632
,,,,,,SER-FSDU-CFT-48F,190,1305,1632
,NU0-0,DEL 1 Year Fix,DEL,,,SER-FSDU-CFT-6F,219,3905,2488
,,,,,,SER-FSDU-CFT-12F,219,4224,2488
,,,,,,SER-FSDU-CFT-24F,219,2773,2488
,,,,,,SER-FSDU-CFT-48F,219,3821,2488
,NX0-0,DEL 1 Year Fix,DEL,,,SER-FSDU-CFT-6F,216,3483,1728
,,,,,,SER-FSDU-CFT-12F,216,3617,1728
,,,,,,SER-FSDU-CFT-24F,216,6679,1728
,,,,,,SER-FSDU-CFT-48F,216,2998,1728
,NXS-0,DEL 1 Year Fix,DEL,,,SER-FSDU-CFT-6F,311,5823,2488
,,,,,,SER-FSDU-CFT-12F,311,7665,2488
,,,,,,SER-FSDU-CFT-24F,311,5408,2488
,,,,,,SER-FSDU-CFT-48F,311,1038,2488
,NXZ-0,DEL 1 Year Fix,DEL,,,SER-FSDU-CFT-6F,133,2472,1104
,,,,,,SER-FSDU-CFT-12F,133,2768,1104
,,,,,,SER-FSDU-CFT-24F,133,2080,1104
,,,,,,SER-FSDU-CFT-48F,133,0,1104
,NY4-0,DEL 1 Year Fix,DEL,,,SER-FSDU-CFT-6F,64,316,528
,,,,,,SER-FSDU-CFT-12F,64,697,528
,,,,,,SER-FSDU-CFT-24F,64,1659,528
,,,,,,SER-FSDU-CFT-48F,64,599,528
,NZX-0,DEL 1 Year Fix,DEL,,,SER-FSDU-CFT-6F,338,8552,2704
,,,,,,SER-FSDU-CFT-12F,338,6897,2704
,,,,,,SER-FSDU-CFT-24F,338,5086,2704
,,,,,,SER-FSDU-CFT-48F,338,931,2704
,OL4-0,DEL 1 Year Fix,DEL,,,SER-FSDU-CFT-6F,58,1024,880
,,,,,,SER-FSDU-CFT-12F,58,804,880
,,,,,,SER-FSDU-CFT-24F,58,651,880
,,,,,,SER-FSDU-CFT-48F,58,1203,880
,OPX-0,KTK 1 Year Fix,KTK,,,SER-FSDU-CFT-6F,256,5563,2160
,,,,,,SER-FSDU-CFT-12F,256,1557,2160
,,,,,,SER-FSDU-CFT-24F,256,2596,2160
,,,,,,SER-FSDU-CFT-48F,256,0,2160
,P1X-0,DEL 1 Year Fix,DEL,,,SER-FSDU-CFT-6F,137,2305,1096
,,,,,,SER-FSDU-CFT-12F,137,2332,1096
,,,,,,SER-FSDU-CFT-24F,137,3135,1096
,,,,,,SER-FSDU-CFT-48F,137,1489,1096
,P2C-0,DEL 1 Year Fix,DEL,,,SER-FSDU-CFT-6F,88,2317,704
,,,,,,SER-FSDU-CFT-12F,88,2353,704
,,,,,,SER-FSDU-CFT-24F,88,2535,704
,,,,,,SER-FSDU-CFT-48F,88,0,704
,P3E-0,DEL 1 Year Fix,DEL,,,SER-FSDU-CFT-6F,182,2827,1456
,,,,,,SER-FSDU-CFT-12F,182,2821,1456
,,,,,,SER-FSDU-CFT-24F,182,2151,1456
,,,,,,SER-FSDU-CFT-48F,182,2294,1456
,P4U-0,DEL 1 Year Fix,DEL,,,SER-FSDU-CFT-6F,146,3673,1168
,,,,,,SER-FSDU-CFT-12F,146,1983,1168
,,,,,,SER-FSDU-CFT-24F,146,2614,1168
,,,,,,SER-FSDU-CFT-48F,146,2544,1168
,P4V-0,DEL 1 Year Fix,DEL,,,SER-FSDU-CFT-6F,60,731,480
,,,,,,SER-FSDU-CFT-12F,60,941,480
,,,,,,SER-FSDU-CFT-24F,60,1272,480
,,,,,,SER-FSDU-CFT-48F,60,594,480
,PC0-0,KOL 1 Year Fix,KOL,,,SER-FSDU-CFT-6F,220,3882,3520
,,,,,,SER-FSDU-CFT-12F,220,3412,3520
,,,,,,SER-FSDU-CFT-24F,220,1662,3520
,,,,,,SER-FSDU-CFT-48F,220,0,3520
,PC6-0,KOL 1 Year Fix,KOL,,,SER-FSDU-CFT-6F,102,4916,1632
,,,,,,SER-FSDU-CFT-12F,102,2364,1632
,,,,,,SER-FSDU-CFT-24F,102,611,1632
,,,,,,SER-FSDU-CFT-48F,102,0,1632
,PC8-0,KOL 1 Year Fix,KOL,,,SER-FSDU-CFT-6F,165,3843,2640
,,,,,,SER-FSDU-CFT-12F,165,2893,2640
,,,,,,SER-FSDU-CFT-24F,165,397,2640
,,,,,,SER-FSDU-CFT-48F,165,0,2640
,PDV-0,KTK 1 Year Fix,KTK,,,SER-FSDU-CFT-6F,208,3405,2504
,,,,,,SER-FSDU-CFT-12F,208,2618,2504
,,,,,,SER-FSDU-CFT-24F,208,1853,2504
,,,,,,SER-FSDU-CFT-48F,208,0,2504
,PFA-0,KTK 1 Year Fix,KTK,,,SER-FSDU-CFT-6F,167,3060,1400
,,,,,,SER-FSDU-CFT-12F,167,914,1400
,,,,,,SER-FSDU-CFT-24F,167,1882,1400
,,,,,,SER-FSDU-CFT-48F,167,0,1400
,PGM-0,KOL 1 Year Fix,KOL,,,SER-FSDU-CFT-6F,45,3816,720
,,,,,,SER-FSDU-CFT-12F,45,1972,720
,,,,,,SER-FSDU-CFT-24F,45,365,720
,,,,,,SER-FSDU-CFT-48F,45,0,720
,PGR-0,KTK 1 Year Fix,KTK,,,SER-FSDU-CFT-6F,173,3668,1408
,,,,,,SER-FSDU-CFT-12F,173,1564,1408
,,,,,,SER-FSDU-CFT-24F,173,2972,1408
,,,,,,SER-FSDU-CFT-48F,173,0,1408
,PHP-0,KTK 1 Year Fix,KTK,,,SER-FSDU-CFT-6F,98,2683,824
,,,,,,SER-FSDU-CFT-12F,98,492,824
,,,,,,SER-FSDU-CFT-24F,98,1448,824
,,,,,,SER-FSDU-CFT-48F,98,0,824
,PJ1-0,DEL 1 Year Fix,DEL,,,SER-FSDU-CFT-6F,278,2521,2224
,,,,,,SER-FSDU-CFT-12F,278,3410,2224
,,,,,,SER-FSDU-CFT-24F,278,1820,2224
,,,,,,SER-FSDU-CFT-48F,278,236,2224
,PLE-0,KTK 1 Year Fix,KTK,,,SER-FSDU-CFT-6F,241,3927,2096
,,,,,,SER-FSDU-CFT-12F,241,2172,2096
,,,,,,SER-FSDU-CFT-24F,241,3138,2096
,,,,,,SER-FSDU-CFT-48F,241,0,2096
,PLH-0,KTK 1 Year Fix,KTK,,,SER-FSDU-CFT-6F,155,5648,1360
,,,,,,SER-FSDU-CFT-12F,155,1364,1360
,,,,,,SER-FSDU-CFT-24F,155,2690,1360
,,,,,,SER-FSDU-CFT-48F,155,0,1360
,PMP-0,KTK 1 Year Fix,KTK,,,SER-FSDU-CFT-6F,313,3473,2854
,,,,,,SER-FSDU-CFT-12F,313,3521,2854
,,,,,,SER-FSDU-CFT-24F,313,4538,2854
,,,,,,SER-FSDU-CFT-48F,313,0,2854
,PNC-0,KTK 1 Year Fix,KTK,,,SER-FSDU-CFT-6F,243,5163,2048
,,,,,,SER-FSDU-CFT-12F,243,2876,2048
,,,,,,SER-FSDU-CFT-24F,243,3609,2048
,,,,,,SER-FSDU-CFT-48F,243,0,2048
,PPS-0,KTK 1 Year Fix,KTK,,,SER-FSDU-CFT-6F,196,6536,1936
,,,,,,SER-FSDU-CFT-12F,196,1884,1936
,,,,,,SER-FSDU-CFT-24F,196,2428,1936
,,,,,,SER-FSDU-CFT-48F,196,0,1936
,PRL-0,KTK 1 Year Fix,KTK,,,SER-FSDU-CFT-6F,89,837,728
,,,,,,SER-FSDU-CFT-12F,89,1381,728
,,,,,,SER-FSDU-CFT-24F,89,489,728
,,,,,,SER-FSDU-CFT-48F,89,0,728
,PTB-0,KTK 1 Year Fix,KTK,,,SER-FSDU-CFT-6F,196,3007,1976
,,,,,,SER-FSDU-CFT-12F,196,1769,1976
,,,,,,SER-FSDU-CFT-24F,196,2073,1976
,,,,,,SER-FSDU-CFT-48F,196,0,1976
,PUP-0,KTK 1 Year Fix,KTK,,,SER-FSDU-CFT-6F,287,6036,2488
,,,,,,SER-FSDU-CFT-12F,287,2588,2488
,,,,,,SER-FSDU-CFT-24F,287,2256,2488
,,,,,,SER-FSDU-CFT-48F,287,0,2488
,PV3-0,DEL 1 Year Fix,DEL,,,SER-FSDU-CFT-6F,75,958,600
,,,,,,SER-FSDU-CFT-12F,75,772,600
,,,,,,SER-FSDU-CFT-24F,75,1855,600
,,,,,,SER-FSDU-CFT-48F,75,685,600
,R0H-0,DEL 1 Year Fix,DEL,,,SER-FSDU-CFT-6F,140,1701,1120
,,,,,,SER-FSDU-CFT-12F,140,1296,1120
,,,,,,SER-FSDU-CFT-24F,140,4118,1120
,,,,,,SER-FSDU-CFT-48F,140,0,1120
,R2P-0,DEL 1 Year Fix,DEL,,,SER-FSDU-CFT-6F,228,6472,1904
,,,,,,SER-FSDU-CFT-12F,228,3639,1904
,,,,,,SER-FSDU-CFT-24F,228,3048,1904
,,,,,,SER-FSDU-CFT-48F,228,682,1904
,R2Z-0,DEL 1 Year Fix,DEL,,,SER-FSDU-CFT-6F,304,7544,2432
,,,,,,SER-FSDU-CFT-12F,304,4002,2432
,,,,,,SER-FSDU-CFT-24F,304,3451,2432
,,,,,,SER-FSDU-CFT-48F,304,162,2432
,R3O-0,DEL 1 Year Fix,DEL,,,SER-FSDU-CFT-6F,155,2910,1240
,,,,,,SER-FSDU-CFT-12F,155,3257,1240
,,,,,,SER-FSDU-CFT-24F,155,1675,1240
,,,,,,SER-FSDU-CFT-48F,155,507,1240
,R4W-0,DEL 1 Year Fix,DEL,,,SER-FSDU-CFT-6F,190,2133,1520
,,,,,,SER-FSDU-CFT-12F,190,1761,1520
,,,,,,SER-FSDU-CFT-24F,190,2550,1520
,,,,,,SER-FSDU-CFT-48F,190,2230,1520
,R6X-0,DEL 1 Year Fix,DEL,,,SER-FSDU-CFT-6F,150,3454,1200
,,,,,,SER-FSDU-CFT-12F,150,2083,1200
,,,,,,SER-FSDU-CFT-24F,150,2693,1200
,,,,,,SER-FSDU-CFT-48F,150,3314,1200
,R9S-0,DEL 1 Year Fix,DEL,,,SER-FSDU-CFT-6F,191,3106,1528
,,,,,,SER-FSDU-CFT-12F,191,2385,1528
,,,,,,SER-FSDU-CFT-24F,191,4388,1528
,,,,,,SER-FSDU-CFT-48F,191,2376,1528
,R9T-0,DEL 1 Year Fix,DEL,,,SER-FSDU-CFT-6F,86,1205,688
,,,,,,SER-FSDU-CFT-12F,86,1012,688
,,,,,,SER-FSDU-CFT-24F,86,1505,688
,,,,,,SER-FSDU-CFT-48F,86,1429,688
,RAC-0,TAM 1 Year Fix,TAM,,,SER-FSDU-CFT-6F,230,10732,1112
,,,,,,SER-FSDU-CFT-12F,230,3832,1112
,,,,,,SER-FSDU-CFT-24F,230,7085,1112
,,,,,,SER-FSDU-CFT-48F,230,0,1112
,RAN-0,KTK 1 Year Fix,KTK,,,SER-FSDU-CFT-6F,155,3559,1496
,,,,,,SER-FSDU-CFT-12F,155,2357,1496
,,,,,,SER-FSDU-CFT-24F,155,1506,1496
,,,,,,SER-FSDU-CFT-48F,155,0,1496
,RAP-0,DEL 1 Year Fix,DEL,,,SER-FSDU-CFT-6F,99,1256,936
,,,,,,SER-FSDU-CFT-12F,99,1247,936
,,,,,,SER-FSDU-CFT-24F,99,992,936
,,,,,,SER-FSDU-CFT-48F,99,393,936
,RBA-0,KOL 1 Year Fix,KOL,,,SER-FSDU-CFT-6F,55,2663,880
,,,,,,SER-FSDU-CFT-12F,55,1493,880
,,,,,,SER-FSDU-CFT-24F,55,309,880
,,,,,,SER-FSDU-CFT-48F,55,0,880
,RCP-0,KTK 1 Year Fix,KTK,,,SER-FSDU-CFT-6F,270,11825,2264
,,,,,,SER-FSDU-CFT-12F,270,1301,2264
,,,,,,SER-FSDU-CFT-24F,270,2461,2264
,,,,,,SER-FSDU-CFT-48F,270,2595,2264
,RGL-0,KTK 1 Year Fix,KTK,,,SER-FSDU-CFT-6F,259,8045,2128
,,,,,,SER-FSDU-CFT-12F,259,3276,2128
,,,,,,SER-FSDU-CFT-24F,259,2577,2128
,,,,,,SER-FSDU-CFT-48F,259,0,2128
,RIA-0,KTK 1 Year Fix,KTK,,,SER-FSDU-CFT-6F,324,5394,2608
,,,,,,SER-FSDU-CFT-12F,324,2368,2608
,,,,,,SER-FSDU-CFT-24F,324,3104,2608
,,,,,,SER-FSDU-CFT-48F,324,0,2608
,RJ2-0,DEL 1 Year Fix,DEL,,,SER-FSDU-CFT-6F,274,3621,2232
,,,,,,SER-FSDU-CFT-12F,274,2210,2232
,,,,,,SER-FSDU-CFT-24F,274,1046,2232
,,,,,,SER-FSDU-CFT-48F,274,536,2232
,RJN-0,KTK 1 Year Fix,KTK,,,SER-FSDU-CFT-6F,168,4194,1344
,,,,,,SER-FSDU-CFT-12F,168,1701,1344
,,,,,,SER-FSDU-CFT-24F,168,1865,1344
,,,,,,SER-FSDU-CFT-48F,168,0,1344
,RKM-0,KOL 1 Year Fix,KOL,,,SER-FSDU-CFT-6F,91,4041,1456
,,,,,,SER-FSDU-CFT-12F,91,3136,1456
,,,,,,SER-FSDU-CFT-24F,91,246,1456
,,,,,,SER-FSDU-CFT-48F,91,0,1456
,RM0-0,DEL 1 Year Fix,DEL,,,SER-FSDU-CFT-6F,172,2967,1376
,,,,,,SER-FSDU-CFT-12F,172,2009,1376
,,,,,,SER-FSDU-CFT-24F,172,1912,1376
,,,,,,SER-FSDU-CFT-48F,172,3597,1376
,RMG-0,KTK 1 Year Fix,KTK,,,SER-FSDU-CFT-6F,114,3173,920
,,,,,,SER-FSDU-CFT-12F,114,606,920
,,,,,,SER-FSDU-CFT-24F,114,2054,920
,,,,,,SER-FSDU-CFT-48F,114,0,920
,RMH-0,KTK 1 Year Fix,KTK,,,SER-FSDU-CFT-6F,342,6513,3520
,,,,,,SER-FSDU-CFT-12F,342,1308,3520
,,,,,,SER-FSDU-CFT-24F,342,1733,3520
,,,,,,SER-FSDU-CFT-48F,342,897,3520
,RMN-0,KTK 1 Year Fix,KTK,,,SER-FSDU-CFT-6F,386,5306,4367
,,,,,,SER-FSDU-CFT-12F,386,895,4367
,,,,,,SER-FSDU-CFT-24F,386,1018,4367
,,,,,,SER-FSDU-CFT-48F,386,3200,4367
,RRB-0,KTK 1 Year Fix,KTK,,,SER-FSDU-CFT-6F,266,5770,2320
,,,,,,SER-FSDU-CFT-12F,266,2066,2320
,,,,,,SER-FSDU-CFT-24F,266,4155,2320
,,,,,,SER-FSDU-CFT-48F,266,0,2320
,RRD-0,KTK 1 Year Fix,KTK,,,SER-FSDU-CFT-6F,412,9053,3488
,,,,,,SER-FSDU-CFT-12F,412,5102,3488
,,,,,,SER-FSDU-CFT-24F,412,4658,3488
,,,,,,SER-FSDU-CFT-48F,412,0,3488
,RTB-0,KTK 1 Year Fix,KTK,,,SER-FSDU-CFT-6F,269,7405,2280
,,,,,,SER-FSDU-CFT-12F,269,1949,2280
,,,,,,SER-FSDU-CFT-24F,269,2342,2280
,,,,,,SER-FSDU-CFT-48F,269,0,2280
,RYD-0,KTK 1 Year Fix,KTK,,,SER-FSDU-CFT-6F,161,4015,1416
,,,,,,SER-FSDU-CFT-12F,161,2159,1416
,,,,,,SER-FSDU-CFT-24F,161,1622,1416
,,,,,,SER-FSDU-CFT-48F,161,2352,1416
,RZ4-0,DEL 1 Year Fix,DEL,,,SER-FSDU-CFT-6F,183,2482,1920
,,,,,,SER-FSDU-CFT-12F,183,2783,1920
,,,,,,SER-FSDU-CFT-24F,183,3280,1920
,,,,,,SER-FSDU-CFT-48F,183,1636,1920
,S2L-0,DEL 1 Year Fix,DEL,,,SER-FSDU-CFT-6F,119,1962,952
,,,,,,SER-FSDU-CFT-12F,119,1329,952
,,,,,,SER-FSDU-CFT-24F,119,309,952
,,,,,,SER-FSDU-CFT-48F,119,0,952
,S3L-0,DEL 1 Year Fix,DEL,,,SER-FSDU-CFT-6F,281,2754,2248
,,,,,,SER-FSDU-CFT-12F,281,2013,2248
,,,,,,SER-FSDU-CFT-24F,281,2552,2248
,,,,,,SER-FSDU-CFT-48F,281,3941,2248
,S3X-0,DEL 1 Year Fix,DEL,,,SER-FSDU-CFT-6F,222,7740,1776
,,,,,,SER-FSDU-CFT-12F,222,4031,1776
,,,,,,SER-FSDU-CFT-24F,222,3444,1776
,,,,,,SER-FSDU-CFT-48F,222,418,1776
,S6J-0,M&G 1 Year Fix,M&G,,,SER-FSDU-CFT-6F,136,0,1604
,,,,,,SER-FSDU-CFT-12F,136,4611,1604
,,,,,,SER-FSDU-CFT-24F,136,1490,1604
,,,,,,SER-FSDU-CFT-48F,136,0,1604
,S8O-0,M&G 1 Year Fix,M&G,,,SER-FSDU-CFT-6F,182,0,3037
,,,,,,SER-FSDU-CFT-12F,182,14990,3037
,,,,,,SER-FSDU-CFT-24F,182,0,3037
,,,,,,SER-FSDU-CFT-48F,182,0,3037
,S8P-0,M&G 1 Year Fix,M&G,,,SER-FSDU-CFT-6F,147,0,2462
,,,,,,SER-FSDU-CFT-12F,147,11201,2462
,,,,,,SER-FSDU-CFT-24F,147,0,2462
,,,,,,SER-FSDU-CFT-48F,147,0,2462
,SAV-0,KOL 1 Year Fix,KOL,,,SER-FSDU-CFT-6F,85,4103,1360
,,,,,,SER-FSDU-CFT-12F,85,4056,1360
,,,,,,SER-FSDU-CFT-24F,85,504,1360
,,,,,,SER-FSDU-CFT-48F,85,0,1360
,SBB-0,KTK 1 Year Fix,KTK,,,SER-FSDU-CFT-6F,172,2910,1424
,,,,,,SER-FSDU-CFT-12F,172,1384,1424
,,,,,,SER-FSDU-CFT-24F,172,0,1424
,,,,,,SER-FSDU-CFT-48F,172,0,1424
,SCW-0,KTK 1 Year Fix,KTK,,,SER-FSDU-CFT-6F,122,2457,1264
,,,,,,SER-FSDU-CFT-12F,122,2047,1264
,,,,,,SER-FSDU-CFT-24F,122,1441,1264
,,,,,,SER-FSDU-CFT-48F,122,0,1264
,SES-0,KTK 1 Year Fix,KTK,,,SER-FSDU-CFT-6F,91,1836,728
,,,,,,SER-FSDU-CFT-12F,91,1855,728
,,,,,,SER-FSDU-CFT-24F,91,240,728
,,,,,,SER-FSDU-CFT-48F,91,0,728
,SGB-0,KTK 1 Year Fix,KTK,,,SER-FSDU-CFT-6F,357,9446,3048
,,,,,,SER-FSDU-CFT-12F,357,2923,3048
,,,,,,SER-FSDU-CFT-24F,357,2433,3048
,,,,,,SER-FSDU-CFT-48F,357,0,3048
,SGP-0,KTK 1 Year Fix,KTK,,,SER-FSDU-CFT-6F,365,3211,3392
,,,,,,SER-FSDU-CFT-12F,365,2037,3392
,,,,,,SER-FSDU-CFT-24F,365,3002,3392
,,,,,,SER-FSDU-CFT-48F,365,0,3392
,SGS-0,KTK 1 Year Fix,KTK,,,SER-FSDU-CFT-6F,50,1802,472
,,,,,,SER-FSDU-CFT-12F,50,452,472
,,,,,,SER-FSDU-CFT-24F,50,877,472
,,,,,,SER-FSDU-CFT-48F,50,0,472
,SGX-0,KTK 1 Year Fix,KTK,,,SER-FSDU-CFT-6F,133,4160,1080
,,,,,,SER-FSDU-CFT-12F,133,2359,1080
,,,,,,SER-FSDU-CFT-24F,133,3381,1080
,,,,,,SER-FSDU-CFT-48F,133,0,1080
,SH9-0,KTK 1 Year Fix,KTK,,,SER-FSDU-CFT-6F,197,6150,1696
,,,,,,SER-FSDU-CFT-12F,197,1718,1696
,,,,,,SER-FSDU-CFT-24F,197,2250,1696
,,,,,,SER-FSDU-CFT-48F,197,1420,1696
,SHG-0,KTK 1 Year Fix,KTK,,,SER-FSDU-CFT-6F,188,1874,1594
,,,,,,SER-FSDU-CFT-12F,188,1117,1594
,,,,,,SER-FSDU-CFT-24F,188,1316,1594
,,,,,,SER-FSDU-CFT-48F,188,0,1594
,SIG-0,KTK 1 Year Fix,KTK,,,SER-FSDU-CFT-6F,145,1968,1376
,,,,,,SER-FSDU-CFT-12F,145,1529,1376
,,,,,,SER-FSDU-CFT-24F,145,930,1376
,,,,,,SER-FSDU-CFT-48F,145,0,1376
,SIP-0,KTK 1 Year Fix,KTK,,,SER-FSDU-CFT-6F,218,5216,2024
,,,,,,SER-FSDU-CFT-12F,218,1702,2024
,,,,,,SER-FSDU-CFT-24F,218,180,2024
,,,,,,SER-FSDU-CFT-48F,218,0,2024
,SJN-0,KTK 1 Year Fix,KTK,,,SER-FSDU-CFT-6F,426,14330,4016
,,,,,,SER-FSDU-CFT-12F,426,12760,4016
,,,,,,SER-FSDU-CFT-24F,426,0,4016
,,,,,,SER-FSDU-CFT-48F,426,0,4016
,SK2-0,DEL 1 Year Fix,DEL,,,SER-FSDU-CFT-6F,128,5365,1152
,,,,,,SER-FSDU-CFT-12F,128,1879,1152
,,,,,,SER-FSDU-CFT-24F,128,2429,1152
,,,,,,SER-FSDU-CFT-48F,128,0,1152
,SKC-0,KTK 1 Year Fix,KTK,,,SER-FSDU-CFT-6F,225,8209,1848
,,,,,,SER-FSDU-CFT-12F,225,2056,1848
,,,,,,SER-FSDU-CFT-24F,225,2866,1848
,,,,,,SER-FSDU-CFT-48F,225,0,1848
,SKS-0,KTK 1 Year Fix,KTK,,,SER-FSDU-CFT-6F,306,6634,2520
,,,,,,SER-FSDU-CFT-12F,306,3016,2520
,,,,,,SER-FSDU-CFT-24F,306,4279,2520
,,,,,,SER-FSDU-CFT-48F,306,0,2520
,SMH-0,KTK 1 Year Fix,KTK,,,SER-FSDU-CFT-6F,203,2071,1632
,,,,,,SER-FSDU-CFT-12F,203,1569,1632
,,,,,,SER-FSDU-CFT-24F,203,351,1632
,,,,,,SER-FSDU-CFT-48F,203,0,1632
,SMR-0,KTK 1 Year Fix,KTK,,,SER-FSDU-CFT-6F,470,4937,4064
,,,,,,SER-FSDU-CFT-12F,470,3951,4064
,,,,,,SER-FSDU-CFT-24F,470,4836,4064
,,,,,,SER-FSDU-CFT-48F,470,0,4064
,SMW-0,KTK 1 Year Fix,KTK,,,SER-FSDU-CFT-6F,64,1721,640
,,,,,,SER-FSDU-CFT-12F,64,468,640
,,,,,,SER-FSDU-CFT-24F,64,1600,640
,,,,,,SER-FSDU-CFT-48F,64,0,640
,SN3-0,DEL 1 Year Fix,DEL,,,SER-FSDU-CFT-6F,64,1886,904
,,,,,,SER-FSDU-CFT-12F,64,1241,904
,,,,,,SER-FSDU-CFT-24F,64,875,904
,,,,,,SER-FSDU-CFT-48F,64,0,904
,SPG-0,KTK 1 Year Fix,KTK,,,SER-FSDU-CFT-6F,119,3245,1088
,,,,,,SER-FSDU-CFT-12F,119,956,1088
,,,,,,SER-FSDU-CFT-24F,119,2619,1088
,,,,,,SER-FSDU-CFT-48F,119,0,1088
,SPH-0,KTK 1 Year Fix,KTK,,,SER-FSDU-CFT-6F,167,9148,2112
,,,,,,SER-FSDU-CFT-12F,167,1391,2112
,,,,,,SER-FSDU-CFT-24F,167,4027,2112
,,,,,,SER-FSDU-CFT-48F,167,0,2112
,SRA-0,KTK 1 Year Fix,KTK,,,SER-FSDU-CFT-6F,100,819,1232
,,,,,,SER-FSDU-CFT-12F,100,726,1232
,,,,,,SER-FSDU-CFT-24F,100,1424,1232
,,,,,,SER-FSDU-CFT-48F,100,0,1232
,SRK-0,KTK 1 Year Fix,KTK,,,SER-FSDU-CFT-6F,290,10551,2416
,,,,,,SER-FSDU-CFT-12F,290,2429,2416
,,,,,,SER-FSDU-CFT-24F,290,5819,2416
,,,,,,SER-FSDU-CFT-48F,290,0,2416
,SRP-0,KTK 1 Year Fix,KTK,,,SER-FSDU-CFT-6F,375,6287,4414
,,,,,,SER-FSDU-CFT-12F,375,6173,4414
,,,,,,SER-FSDU-CFT-24F,375,2898,4414
,,,,,,SER-FSDU-CFT-48F,375,0,4414
,SSL-0,KTK 1 Year Fix,KTK,,,SER-FSDU-CFT-6F,201,4403,1808
,,,,,,SER-FSDU-CFT-12F,201,1952,1808
,,,,,,SER-FSDU-CFT-24F,201,3083,1808
,,,,,,SER-FSDU-CFT-48F,201,0,1808
,SSO-0,KTK 1 Year Fix,KTK,,,SER-FSDU-CFT-6F,67,2246,648
,,,,,,SER-FSDU-CFT-12F,67,901,648
,,,,,,SER-FSDU-CFT-24F,67,629,648
,,,,,,SER-FSDU-CFT-48F,67,988,648
,SSR-0,KTK 1 Year Fix,KTK,,,SER-FSDU-CFT-6F,177,5578,1544
,,,,,,SER-FSDU-CFT-12F,177,1861,1544
,,,,,,SER-FSDU-CFT-24F,177,349,1544
,,,,,,SER-FSDU-CFT-48F,177,1594,1544
,SSW-0,KTK 1 Year Fix,KTK,,,SER-FSDU-CFT-6F,136,4857,1088
,,,,,,SER-FSDU-CFT-12F,136,1532,1088
,,,,,,SER-FSDU-CFT-24F,136,220,1088
,,,,,,SER-FSDU-CFT-48F,136,0,1088
,SUA-0,KTK 1 Year Fix,KTK,,,SER-FSDU-CFT-6F,178,5602,1610
,,,,,,SER-FSDU-CFT-12F,178,1816,1610
,,,,,,SER-FSDU-CFT-24F,178,3478,1610
,,,,,,SER-FSDU-CFT-48F,178,0,1610
,SUN-0,KTK 1 Year Fix,KTK,,,SER-FSDU-CFT-6F,35,504,456
,,,,,,SER-FSDU-CFT-12F,35,2959,456
,,,,,,SER-FSDU-CFT-24F,35,0,456
,,,,,,SER-FSDU-CFT-48F,35,0,456
,SVN-0,KTK 1 Year Fix,KTK,,,SER-FSDU-CFT-6F,378,2599,3248
,,,,,,SER-FSDU-CFT-12F,378,1535,3248
,,,,,,SER-FSDU-CFT-24F,378,526,3248
,,,,,,SER-FSDU-CFT-48F,378,0,3248
,SWD-0,KTK 1 Year Fix,KTK,,,SER-FSDU-CFT-6F,209,4785,1768
,,,,,,SER-FSDU-CFT-12F,209,2150,1768
,,,,,,SER-FSDU-CFT-24F,209,3375,1768
,,,,,,SER-FSDU-CFT-48F,209,0,1768
,SZC-0,KTK 1 Year Fix,KTK,,,SER-FSDU-CFT-6F,143,5729,1280
,,,,,,SER-FSDU-CFT-12F,143,1622,1280
,,,,,,SER-FSDU-CFT-24F,143,3211,1280
,,,,,,SER-FSDU-CFT-48F,143,0,1280
,SZM-0,KTK 1 Year Fix,KTK,,,SER-FSDU-CFT-6F,202,5257,1616
,,,,,,SER-FSDU-CFT-12F,202,1336,1616
,,,,,,SER-FSDU-CFT-24F,202,3069,1616
,,,,,,SER-FSDU-CFT-48F,202,0,1616
,T3F-0,DEL 1 Year Fix,DEL,,,SER-FSDU-CFT-6F,77,2153,616
,,,,,,SER-FSDU-CFT-12F,77,933,616
,,,,,,SER-FSDU-CFT-24F,77,2191,616
,,,,,,SER-FSDU-CFT-48F,77,0,616
,T3G-0,DEL 1 Year Fix,DEL,,,SER-FSDU-CFT-6F,47,1823,376
,,,,,,SER-FSDU-CFT-12F,47,1676,376
,,,,,,SER-FSDU-CFT-24F,47,61,376
,,,,,,SER-FSDU-CFT-48F,47,0,376
,TCH-0,KTK 1 Year Fix,KTK,,,SER-FSDU-CFT-6F,250,3342,2080
,,,,,,SER-FSDU-CFT-12F,250,1485,2080
,,,,,,SER-FSDU-CFT-24F,250,1603,2080
,,,,,,SER-FSDU-CFT-48F,250,0,2080
,TJ3-0,DEL 1 Year Fix,DEL,,,SER-FSDU-CFT-6F,300,8950,3504
,,,,,,SER-FSDU-CFT-12F,300,3950,3504
,,,,,,SER-FSDU-CFT-24F,300,1200,3504
,,,,,,SER-FSDU-CFT-48F,300,1700,3504
,TRN-0,KTK 1 Year Fix,KTK,,,SER-FSDU-CFT-6F,347,5457,2864
,,,,,,SER-FSDU-CFT-12F,347,2451,2864
,,,,,,SER-FSDU-CFT-24F,347,856,2864
,,,,,,SER-FSDU-CFT-48F,347,1533,2864
,TYG-0,KTK 1 Year Fix,KTK,,,SER-FSDU-CFT-6F,252,4899,2184
,,,,,,SER-FSDU-CFT-12F,252,2133,2184
,,,,,,SER-FSDU-CFT-24F,252,2742,2184
,,,,,,SER-FSDU-CFT-48F,252,0,2184
,U3J-0,DEL 1 Year Fix,DEL,,,SER-FSDU-CFT-6F,225,10159,1800
,,,,,,SER-FSDU-CFT-12F,225,4648,1800
,,,,,,SER-FSDU-CFT-24F,225,4715,1800
,,,,,,SER-FSDU-CFT-48F,225,0,1800
,U3K-0,DEL 1 Year Fix,DEL,,,SER-FSDU-CFT-6F,104,2451,832
,,,,,,SER-FSDU-CFT-12F,104,1964,832
,,,,,,SER-FSDU-CFT-24F,104,3106,832
,,,,,,SER-FSDU-CFT-48F,104,680,832
,U3L-0,DEL 1 Year Fix,DEL,,,SER-FSDU-CFT-6F,221,7159,1768
,,,,,,SER-FSDU-CFT-12F,221,3546,1768
,,,,,,SER-FSDU-CFT-24F,221,1708,1768
,,,,,,SER-FSDU-CFT-48F,221,0,1768
,ULB-0,KTK 1 Year Fix,KTK,,,SER-FSDU-CFT-6F,407,6837,3912
,,,,,,SER-FSDU-CFT-12F,407,2821,3912
,,,,,,SER-FSDU-CFT-24F,407,4119,3912
,,,,,,SER-FSDU-CFT-48F,407,0,3912
,ULK-0,KTK 1 Year Fix,KTK,,,SER-FSDU-CFT-6F,136,5102,2861
,,,,,,SER-FSDU-CFT-12F,136,1985,2861
,,,,,,SER-FSDU-CFT-24F,136,2293,2861
,,,,,,SER-FSDU-CFT-48F,136,0,2861
,ULR-0,KTK 1 Year Fix,KTK,,,SER-FSDU-CFT-6F,308,5199,2512
,,,,,,SER-FSDU-CFT-12F,308,1973,2512
,,,,,,SER-FSDU-CFT-24F,308,1627,2512
,,,,,,SER-FSDU-CFT-48F,308,0,2512
,ULS-0,KTK 1 Year Fix,KTK,,,SER-FSDU-CFT-6F,169,4922,1812
,,,,,,SER-FSDU-CFT-12F,169,4232,1812
,,,,,,SER-FSDU-CFT-24F,169,4164,1812
,,,,,,SER-FSDU-CFT-48F,169,0,1812
,V3H-0,DEL 1 Year Fix,DEL,,,SER-FSDU-CFT-6F,196,2481,1568
,,,,,,SER-FSDU-CFT-12F,196,3353,1568
,,,,,,SER-FSDU-CFT-24F,196,1801,1568
,,,,,,SER-FSDU-CFT-48F,196,1550,1568
,V3K-0,DEL 1 Year Fix,DEL,,,SER-FSDU-CFT-6F,72,1390,576
,,,,,,SER-FSDU-CFT-12F,72,1330,576
,,,,,,SER-FSDU-CFT-24F,72,2919,576
,,,,,,SER-FSDU-CFT-48F,72,690,576
,V3V-0,DEL 1 Year Fix,DEL,,,SER-FSDU-CFT-6F,76,1254,608
,,,,,,SER-FSDU-CFT-12F,76,1198,608
,,,,,,SER-FSDU-CFT-24F,76,2442,608
,,,,,,SER-FSDU-CFT-48F,76,1084,608
,V8Y-0,DEL 1 Year Fix,DEL,,,SER-FSDU-CFT-6F,65,1035,568
,,,,,,SER-FSDU-CFT-12F,65,330,568
,,,,,,SER-FSDU-CFT-24F,65,1007,568
,,,,,,SER-FSDU-CFT-48F,65,711,568
,VE2-0,DEL 1 Year Fix,DEL,,,SER-FSDU-CFT-6F,134,2207,1600
,,,,,,SER-FSDU-CFT-12F,134,1437,1600
,,,,,,SER-FSDU-CFT-24F,134,1505,1600
,,,,,,SER-FSDU-CFT-48F,134,3133,1600
,VE3-0,DEL 1 Year Fix,DEL,,,SER-FSDU-CFT-6F,102,1615,1600
,,,,,,SER-FSDU-CFT-12F,102,867,1600
,,,,,,SER-FSDU-CFT-24F,102,1473,1600
,,,,,,SER-FSDU-CFT-48F,102,1456,1600
,VEM-0,DEL 1 Year Fix,DEL,,,SER-FSDU-CFT-6F,52,717,416
,,,,,,SER-FSDU-CFT-12F,52,761,416
,,,,,,SER-FSDU-CFT-24F,52,470,416
,,,,,,SER-FSDU-CFT-48F,52,308,416
,VEQ-0,DEL 1 Year Fix,DEL,,,SER-FSDU-CFT-6F,132,2211,1088
,,,,,,SER-FSDU-CFT-12F,132,2136,1088
,,,,,,SER-FSDU-CFT-24F,132,2440,1088
,,,,,,SER-FSDU-CFT-48F,132,2817,1088
,VF1-0,DEL 1 Year Fix,DEL,,,SER-FSDU-CFT-6F,182,2837,2000
,,,,,,SER-FSDU-CFT-12F,182,2975,2000
,,,,,,SER-FSDU-CFT-24F,182,1579,2000
,,,,,,SER-FSDU-CFT-48F,182,2767,2000
,VF2-0,DEL 1 Year Fix,DEL,,,SER-FSDU-CFT-6F,250,3484,2000
,,,,,,SER-FSDU-CFT-12F,250,2925,2000
,,,,,,SER-FSDU-CFT-24F,250,2485,2000
,,,,,,SER-FSDU-CFT-48F,250,4752,2000
,VGL-0,KTK 1 Year Fix,KTK,,,SER-FSDU-CFT-6F,271,10728,2512
,,,,,,SER-FSDU-CFT-12F,271,2653,2512
,,,,,,SER-FSDU-CFT-24F,271,378,2512
,,,,,,SER-FSDU-CFT-48F,271,3525,2512
,VH1-0,DEL 1 Year Fix,DEL,,,SER-FSDU-CFT-6F,97,1863,776
,,,,,,SER-FSDU-CFT-12F,97,1887,776
,,,,,,SER-FSDU-CFT-24F,97,3078,776
,,,,,,SER-FSDU-CFT-48F,97,812,776
,VJ1-0,DEL 1 Year Fix,DEL,,,SER-FSDU-CFT-6F,0,0,0
,,,,,,SER-FSDU-CFT-12F,0,0,0
,,,,,,SER-FSDU-CFT-24F,0,235,0
,,,,,,SER-FSDU-CFT-48F,0,0,0
,VJ3-0,DEL 1 Year Fix,DEL,,,SER-FSDU-CFT-6F,106,2070,848
,,,,,,SER-FSDU-CFT-12F,106,1844,848
,,,,,,SER-FSDU-CFT-24F,106,3539,848
,,,,,,SER-FSDU-CFT-48F,106,819,848
,VJ7-0,DEL 1 Year Fix,DEL,,,SER-FSDU-CFT-6F,127,1955,1504
,,,,,,SER-FSDU-CFT-12F,127,1077,1504
,,,,,,SER-FSDU-CFT-24F,127,1190,1504
,,,,,,SER-FSDU-CFT-48F,127,1750,1504
,VPC-0,KTK 1 Year Fix,KTK,,,SER-FSDU-CFT-6F,112,2664,944
,,,,,,SER-FSDU-CFT-12F,112,1604,944
,,,,,,SER-FSDU-CFT-24F,112,154,944
,,,,,,SER-FSDU-CFT-48F,112,0,944
,VRG-0,KTK 1 Year Fix,KTK,,,SER-FSDU-CFT-6F,259,3051,3000
,,,,,,SER-FSDU-CFT-12F,259,2861,3000
,,,,,,SER-FSDU-CFT-24F,259,2140,3000
,,,,,,SER-FSDU-CFT-48F,259,0,3000
,VRZ-0,KTK 1 Year Fix,KTK,,,SER-FSDU-CFT-6F,230,3365,1872
,,,,,,SER-FSDU-CFT-12F,230,735,1872
,,,,,,SER-FSDU-CFT-24F,230,1385,1872
,,,,,,SER-FSDU-CFT-48F,230,0,1872
,VTL-0,KTK 1 Year Fix,KTK,,,SER-FSDU-CFT-6F,136,6902,1296
,,,,,,SER-FSDU-CFT-12F,136,854,1296
,,,,,,SER-FSDU-CFT-24F,136,2536,1296
,,,,,,SER-FSDU-CFT-48F,136,0,1296
,VVU-0,KTK 1 Year Fix,KTK,,,SER-FSDU-CFT-6F,250,6236,2520
,,,,,,SER-FSDU-CFT-12F,250,4161,2520
,,,,,,SER-FSDU-CFT-24F,250,5215,2520
,,,,,,SER-FSDU-CFT-48F,250,0,2520
,VY0-0,DEL 1 Year Fix,DEL,,,SER-FSDU-CFT-6F,153,2164,1224
,,,,,,SER-FSDU-CFT-12F,153,2093,1224
,,,,,,SER-FSDU-CFT-24F,153,4387,1224
,,,,,,SER-FSDU-CFT-48F,153,966,1224
,W3B-0,DEL 1 Year Fix,DEL,,,SER-FSDU-CFT-6F,0,371,0
,,,,,,SER-FSDU-CFT-12F,0,0,0
,,,,,,SER-FSDU-CFT-24F,0,0,0
,,,,,,SER-FSDU-CFT-48F,0,0,0
,W3Z-0,DEL 1 Year Fix,DEL,,,SER-FSDU-CFT-6F,107,1371,1000
,,,,,,SER-FSDU-CFT-12F,107,1260,1000
,,,,,,SER-FSDU-CFT-24F,107,1263,1000
,,,,,,SER-FSDU-CFT-48F,107,1368,1000
,WFD-0,KTK 1 Year Fix,KTK,,,SER-FSDU-CFT-6F,325,8998,3016
,,,,,,SER-FSDU-CFT-12F,325,3035,3016
,,,,,,SER-FSDU-CFT-24F,325,2826,3016
,,,,,,SER-FSDU-CFT-48F,325,0,3016
,WOR-0,KTK 1 Year Fix,KTK,,,SER-FSDU-CFT-6F,292,4348,2480
,,,,,,SER-FSDU-CFT-12F,292,2165,2480
,,,,,,SER-FSDU-CFT-24F,292,2665,2480
,,,,,,SER-FSDU-CFT-48F,292,0,2480
,YPR-0,KTK 1 Year Fix,KTK,,,SER-FSDU-CFT-6F,218,5233,2522
,,,,,,SER-FSDU-CFT-12F,218,1940,2522
,,,,,,SER-FSDU-CFT-24F,218,2285,2522
,,,,,,SER-FSDU-CFT-48F,218,0,2522
,Z0J-0,DEL 1 Year Fix,DEL,,,SER-FSDU-CFT-6F,67,503,536
,,,,,,SER-FSDU-CFT-12F,67,1204,536
,,,,,,SER-FSDU-CFT-24F,67,910,536
,,,,,,SER-FSDU-CFT-48F,67,618,536
,Z2A-0,DEL 1 Year Fix,DEL,,,SER-FSDU-CFT-6F,344,4622,2752
,,,,,,SER-FSDU-CFT-12F,344,5203,2752
,,,,,,SER-FSDU-CFT-24F,344,4792,2752
,,,,,,SER-FSDU-CFT-48F,344,711,2752
,Z2C-0,DEL 1 Year Fix,DEL,,,SER-FSDU-CFT-6F,321,5051,2800
,,,,,,SER-FSDU-CFT-12F,321,3438,2800
,,,,,,SER-FSDU-CFT-24F,321,3139,2800
,,,,,,SER-FSDU-CFT-48F,321,1718,2800
,Z2I-0,DEL 1 Year Fix,DEL,,,SER-FSDU-CFT-6F,308,7438,2560
,,,,,,SER-FSDU-CFT-12F,308,3973,2560
,,,,,,SER-FSDU-CFT-24F,308,2336,2560
,,,,,,SER-FSDU-CFT-48F,308,1267,2560
,Z2T-0,DEL 1 Year Fix,DEL,,,SER-FSDU-CFT-6F,126,2813,1520
,,,,,,SER-FSDU-CFT-12F,126,1634,1520
,,,,,,SER-FSDU-CFT-24F,126,452,1520
,,,,,,SER-FSDU-CFT-48F,126,752,1520
,Z2X-0,DEL 1 Year Fix,DEL,,,SER-FSDU-CFT-6F,305,6699,2440
,,,,,,SER-FSDU-CFT-12F,305,7605,2440
,,,,,,SER-FSDU-CFT-24F,305,3787,2440
,,,,,,SER-FSDU-CFT-48F,305,1344,2440
,Z2Z-0,DEL 1 Year Fix,DEL,,,SER-FSDU-CFT-6F,57,934,456
,,,,,,SER-FSDU-CFT-12F,57,571,456
,,,,,,SER-FSDU-CFT-24F,57,836,456
,,,,,,SER-FSDU-CFT-48F,57,0,456
,ZJ2-0,DEL 1 Year Fix,DEL,,,SER-FSDU-CFT-6F,52,684,416
,,,,,,SER-FSDU-CFT-12F,52,895,416
,,,,,,SER-FSDU-CFT-24F,52,1952,416
,,,,,,SER-FSDU-CFT-48F,52,0,416
